location,datetime,SF6 [ppm]
center,2021-05-11T11:46:32Z,-0.00228332710137813
near_door,2021-05-11T11:47:34Z,0.00419450135969801
near_window,2021-05-11T11:48:22Z,0.00949277580990362
center,2021-05-11T11:49:27Z,0.00805622383321099
near_door,2021-05-11T11:50:12Z,0.00820515039219345
near_window,2021-05-11T11:50:57Z,0.0121248625657384
center,2021-05-11T11:51:52Z,0.0157409539506559
near_door,2021-05-11T11:52:37Z,0.00786281600141007
near_window,2021-05-11T11:53:22Z,0.00723844325168518
center,2021-05-11T11:54:07Z,0.0120882889792879
near_door,2021-05-11T11:54:52Z,-0.000459136549251404
near_window,2021-05-11T11:55:42Z,-0.00550897977058098
center,2021-05-11T11:56:32Z,0.0023315965149887
near_door,2021-05-11T11:57:17Z,0.000573105196818296
near_window,2021-05-11T11:58:07Z,0.000511639889116689
center,2021-05-11T11:59:07Z,0.00614109511799455
near_door,2021-05-11T11:59:57Z,0.00275696099892345
near_window,2021-05-11T12:00:42Z,0.631209792433925
center,2021-05-11T12:01:32Z,0.00203193049011411
near_door,2021-05-11T12:02:17Z,0.00497768604350606
near_window,2021-05-11T12:03:02Z,0.0089654359260127
center,2021-05-11T12:03:57Z,0.00558986770003289
near_door,2021-05-11T12:04:42Z,0.00623582226573115
near_window,2021-05-11T12:05:32Z,-0.000267047125462906
center,2021-05-11T12:06:22Z,0.0002177397896595
near_door,2021-05-11T12:07:12Z,0.0916889219634217
near_window,2021-05-11T12:07:57Z,95.659208146808
center,2021-05-11T12:08:57Z,13.768825041356
near_door,2021-05-11T12:09:47Z,6.63087401574803
near_window,2021-05-11T12:10:32Z,99.2209440116425
center,2021-05-11T12:11:22Z,9.59557458872731
near_door,2021-05-11T12:12:17Z,5.19662842487203
near_window,2021-05-11T12:13:02Z,58.503253368823
center,2021-05-11T12:13:52Z,38.5430889252973
near_door,2021-05-11T12:14:42Z,20.3044775761725
near_window,2021-05-11T12:15:32Z,77.9642516261554
center,2021-05-11T12:16:17Z,64.0336506178822
near_door,2021-05-11T12:17:02Z,23.2451270582283
near_window,2021-05-11T12:17:52Z,79.1800499519576
center,2021-05-11T12:18:42Z,36.2350489323716
near_door,2021-05-11T12:19:47Z,26.739307957948
near_window,2021-05-11T12:20:37Z,85.0926503384704
center,2021-05-11T12:21:27Z,53.1408963931879
near_door,2021-05-11T12:22:12Z,34.0439770157189
near_window,2021-05-11T12:23:02Z,84.3793137469476
center,2021-05-11T12:23:52Z,57.3401737573317
near_door,2021-05-11T12:24:42Z,40.8066453034774
near_window,2021-05-11T12:25:27Z,91.2704832723971
center,2021-05-11T12:26:12Z,61.6234712581876
near_door,2021-05-11T12:26:57Z,46.1195841404211
near_window,2021-05-11T12:27:42Z,90.2210761890927
center,2021-05-11T12:28:27Z,48.6961497150801
near_door,2021-05-11T12:29:27Z,46.9054026797045
near_window,2021-05-11T12:30:12Z,94.0299153162177
center,2021-05-11T12:30:57Z,72.005523621504
near_door,2021-05-11T12:31:42Z,55.0617911834142
near_window,2021-05-11T12:32:32Z,100.006757523393
center,2021-05-11T12:33:22Z,48.9432630324372
near_door,2021-05-11T12:34:12Z,60.4686267462616
near_window,2021-05-11T12:34:57Z,93.3643503462267
center,2021-05-11T12:35:42Z,59.7635302818374
near_door,2021-05-11T12:36:37Z,55.9184476670654
near_window,2021-05-11T12:37:22Z,92.9870943015522
center,2021-05-11T12:38:07Z,59.7981297660914
near_door,2021-05-11T12:39:07Z,58.7322474561232
near_window,2021-05-11T12:39:52Z,96.8634733111921
center,2021-05-11T12:40:37Z,71.9758712300291
near_door,2021-05-11T12:41:22Z,60.5131103610072
near_window,2021-05-11T12:42:12Z,99.6591538701931
center,2021-05-11T12:42:57Z,62.5246113565844
near_door,2021-05-11T12:43:42Z,62.4784837384457
near_window,2021-05-11T12:44:27Z,96.7102642610387
center,2021-05-11T12:45:12Z,70.0994600545484
near_door,2021-05-11T12:46:02Z,68.160441006732
near_window,2021-05-11T12:46:47Z,100.181383865456
center,2021-05-11T12:47:37Z,74.9099296159127
near_door,2021-05-11T12:48:27Z,65.3301710185437
near_window,2021-05-11T12:49:32Z,98.5306737429558
center,2021-05-11T12:50:22Z,67.67280546819
near_door,2021-05-11T12:51:12Z,69.0764073008662
near_window,2021-05-11T12:51:57Z,101.561924402829
center,2021-05-11T12:52:42Z,74.2756710958562
near_door,2021-05-11T12:53:32Z,70.8737454324139
near_window,2021-05-11T12:54:27Z,91.1502146205047
center,2021-05-11T12:55:12Z,72.5607090976275
near_door,2021-05-11T12:56:02Z,71.6068502849199
near_window,2021-05-11T12:56:47Z,93.5109733277412
center,2021-05-11T12:57:37Z,74.7649556653246
near_door,2021-05-11T12:58:22Z,71.4569342690859
near_window,2021-05-11T12:59:22Z,99.4680573289996
center,2021-05-11T13:00:07Z,81.8752301200493
near_door,2021-05-11T13:00:52Z,74.0763344275642
near_window,2021-05-11T13:01:37Z,97.8947611644396
center,2021-05-11T13:02:22Z,78.0021441447288
near_door,2021-05-11T13:03:17Z,73.5969339885875
near_window,2021-05-11T13:04:02Z,90.0036152632105
center,2021-05-11T13:04:52Z,77.997202079483
near_door,2021-05-11T13:05:37Z,76.7204499398048
near_window,2021-05-11T13:06:27Z,89.8635783503349
center,2021-05-11T13:07:12Z,82.8389730632486
near_door,2021-05-11T13:08:07Z,78.3761071550839
near_window,2021-05-11T13:09:07Z,90.1370560523807
center,2021-05-11T13:09:52Z,81.8834702471479
near_door,2021-05-11T13:10:37Z,78.8060819140692
near_window,2021-05-11T13:11:22Z,92.6114772327375
center,2021-05-11T13:12:17Z,79.7368794314741
near_door,2021-05-11T13:13:02Z,79.8736132549637
near_window,2021-05-11T13:13:47Z,93.5060362900287
center,2021-05-11T13:14:32Z,83.7088117392441
near_door,2021-05-11T13:15:17Z,79.3760935859302
near_window,2021-05-11T13:16:07Z,96.6246051484669
center,2021-05-11T13:16:57Z,85.5885260041108
near_door,2021-05-11T13:17:42Z,81.9098296043033
near_window,2021-05-11T13:18:27Z,95.3313727545916
center,2021-05-11T13:19:32Z,83.2079940083578
near_door,2021-05-11T13:20:22Z,83.7681215497271
near_window,2021-05-11T13:21:12Z,97.6674161080658
center,2021-05-11T13:22:02Z,88.9558471557659
near_door,2021-05-11T13:22:47Z,84.1733859824834
near_window,2021-05-11T13:23:37Z,95.1172098905621
center,2021-05-11T13:24:22Z,85.3035151406471
near_door,2021-05-11T13:25:12Z,83.5094750709521
near_window,2021-05-11T13:26:02Z,92.8305871895461
center,2021-05-11T13:26:52Z,88.2309874578918
near_door,2021-05-11T13:27:42Z,84.0959569419435
near_window,2021-05-11T13:28:27Z,93.7251361917707
center,2021-05-11T13:29:27Z,91.1914001733975
near_door,2021-05-11T13:30:17Z,85.5654596812749
near_window,2021-05-11T13:31:02Z,90.4517092522527
center,2021-05-11T13:31:52Z,88.1568514516714
near_door,2021-05-11T13:32:42Z,87.7565290841609
near_window,2021-05-11T13:33:32Z,91.361089477748
center,2021-05-11T13:34:22Z,86.9921228092537
near_door,2021-05-11T13:35:12Z,86.5506148888504
near_window,2021-05-11T13:35:57Z,87.782883413783
center,2021-05-11T13:36:42Z,90.4220568607778
near_door,2021-05-11T13:37:27Z,85.7631523461739
near_window,2021-05-11T13:38:12Z,90.0415027542506
center,2021-05-11T13:39:12Z,89.1749571125745
near_door,2021-05-11T13:39:57Z,87.142043852621
near_window,2021-05-11T13:40:42Z,92.3297744861931
center,2021-05-11T13:41:32Z,90.9706512407292
near_door,2021-05-11T13:42:17Z,88.6082435025663
near_window,2021-05-11T13:43:02Z,92.5851229031154
center,2021-05-11T13:43:47Z,89.6790678777803
near_door,2021-05-11T13:44:32Z,87.9525727181335
near_window,2021-05-11T13:45:22Z,92.2161019580061
center,2021-05-11T13:47:02Z,88.8998404346689
near_door,2021-05-11T13:47:59Z,87.7351117922513
near_window,2021-05-11T13:48:47Z,89.6411803867401
center,2021-05-11T13:49:52Z,88.5720050424525
near_door,2021-05-11T13:50:37Z,88.2178052655475
near_window,2021-05-11T13:51:32Z,93.7284342536234
center,2021-05-11T13:52:17Z,88.0893115691564
near_door,2021-05-11T13:53:02Z,85.801039837214
near_window,2021-05-11T13:53:47Z,96.7613339444232
center,2021-05-11T13:54:37Z,86.3446871243862
near_door,2021-05-11T13:55:27Z,88.4566834833393
near_window,2021-05-11T13:56:17Z,94.5224929200055
center,2021-05-11T13:57:07Z,86.6741715475289
near_door,2021-05-11T13:57:52Z,87.3117231019049
near_window,2021-05-11T13:58:42Z,93.1485384512708
center,2021-05-11T13:59:42Z,87.5555383574092
near_door,2021-05-11T14:00:27Z,85.9970834711866
near_window,2021-05-11T14:01:17Z,92.6707920707538
center,2021-05-11T14:02:02Z,86.7186551622745
near_door,2021-05-11T14:02:47Z,89.8981778345888
near_window,2021-05-11T14:03:37Z,92.6114772327375
center,2021-05-11T14:04:22Z,86.8520959514447
near_door,2021-05-11T14:05:17Z,88.3018254022595
near_window,2021-05-11T14:06:02Z,92.0019390939767
center,2021-05-11T14:06:52Z,86.7203041932009
near_door,2021-05-11T14:07:37Z,90.1354070214543
near_window,2021-05-11T14:08:22Z,91.2210525648724
center,2021-05-11T14:09:22Z,87.1255635984239
near_door,2021-05-11T14:10:07Z,86.4468264911551
near_window,2021-05-11T14:10:57Z,91.0101877626956
center,2021-05-11T14:11:42Z,86.3891707391318
near_door,2021-05-11T14:12:27Z,86.5077803050312
near_window,2021-05-11T14:13:12Z,90.7531903148469
center,2021-05-11T14:14:02Z,85.5769928426929
near_door,2021-05-11T14:14:47Z,86.397405838697
near_window,2021-05-11T14:15:37Z,90.9788863402944
center,2021-05-11T14:16:27Z,87.1403948216946
near_door,2021-05-11T14:17:12Z,81.7170790046501
near_window,2021-05-11T14:17:57Z,87.969042917264
center,2021-05-11T14:18:47Z,87.6214392640644
near_door,2021-05-11T14:19:52Z,84.0053507365926
near_window,2021-05-11T14:20:42Z,88.2359244956043
center,2021-05-11T14:21:32Z,86.7680758147326
near_door,2021-05-11T14:22:22Z,82.4996045096142
near_window,2021-05-11T14:23:07Z,89.868525443114
center,2021-05-11T14:23:57Z,88.5637699428873
near_door,2021-05-11T14:24:47Z,82.7005902088326
near_window,2021-05-11T14:25:32Z,86.9657684796316
center,2021-05-11T14:26:17Z,86.8471488586656
near_door,2021-05-11T14:27:02Z,83.3513239555529
near_window,2021-05-11T14:27:47Z,87.0695568773269
center,2021-05-11T14:28:32Z,87.1123914611461
near_door,2021-05-11T14:29:32Z,82.0926910459315
near_window,2021-05-11T14:30:22Z,87.0431924926382
center,2021-05-11T14:31:07Z,87.2013486355707
near_door,2021-05-11T14:31:57Z,83.9526320222817
near_window,2021-05-11T14:32:47Z,87.153577014039
center,2021-05-11T14:33:32Z,88.0662452463204
near_door,2021-05-11T14:34:17Z,82.0531545239651
near_window,2021-05-11T14:35:07Z,86.8537449823711
center,2021-05-11T14:35:52Z,86.0876896765375
near_door,2021-05-11T14:36:42Z,82.7187094388895
near_window,2021-05-11T14:37:27Z,86.7779599452243
center,2021-05-11T14:38:12Z,87.3562067166504
near_door,2021-05-11T14:39:12Z,82.6643467211856
near_window,2021-05-11T14:39:57Z,86.6758205784553
center,2021-05-11T14:40:42Z,86.2095973042897
near_door,2021-05-11T14:41:32Z,82.1536448598076
near_window,2021-05-11T14:42:22Z,86.0975738070291
center,2021-05-11T14:43:07Z,86.4056409382623
near_door,2021-05-11T14:43:57Z,81.5062091749401
near_window,2021-05-11T14:44:42Z,86.4171740996803
center,2021-05-11T14:45:27Z,85.4830885754892
near_door,2021-05-11T14:46:17Z,81.1668406213057
near_window,2021-05-11T14:47:07Z,85.9443647568757
center,2021-05-11T14:47:57Z,87.5736676425327
near_door,2021-05-11T14:48:47Z,81.656125190774
near_window,2021-05-11T14:49:52Z,86.9871857715412
center,2021-05-11T14:50:37Z,88.425382060938
near_door,2021-05-11T14:51:22Z,81.4666726529736
near_window,2021-05-11T14:52:07Z,86.4995452054659
center,2021-05-11T14:52:52Z,88.0415298925581
near_door,2021-05-11T14:53:42Z,80.6050690765433
near_window,2021-05-11T14:54:27Z,86.3990548696234
center,2021-05-11T14:55:17Z,88.0612981535413
near_door,2021-05-11T14:56:02Z,79.4189231422161
near_window,2021-05-11T14:56:52Z,86.3183327947641
center,2021-05-11T14:57:37Z,86.6494561937666
near_door,2021-05-11T14:58:22Z,78.5194320747456
near_window,2021-05-11T14:59:22Z,86.2376006648382
center,2021-05-11T15:00:12Z,86.5226115283019
near_door,2021-05-11T15:01:02Z,81.2854552147384
near_window,2021-05-11T15:01:52Z,86.814198405338
center,2021-05-11T15:02:42Z,87.1041463065143
near_door,2021-05-11T15:03:32Z,77.5227437057521
near_window,2021-05-11T15:04:22Z,86.1931271051592
center,2021-05-11T15:05:07Z,84.9295571578253
near_door,2021-05-11T15:05:57Z,80.4963386136022
near_window,2021-05-11T15:06:52Z,86.2590179567478
center,2021-05-11T15:07:37Z,87.7878305065621
center,2021-05-11T15:35:20Z,12.2138228136355
near_door,2021-05-11T15:36:23Z,10.3519066451352
near_window,2021-05-11T15:37:10Z,10.107593663833
center,2021-05-11T15:37:55Z,9.41435840737546
near_door,2021-05-11T15:38:40Z,8.13035782154453
near_window,2021-05-11T15:39:40Z,8.44122591727419
center,2021-05-11T15:40:25Z,8.2448536083113
near_door,2021-05-11T15:41:10Z,6.3954572546416
near_window,2021-05-11T15:41:55Z,7.15458964710438
center,2021-05-11T15:42:40Z,6.92180857033682
near_door,2021-05-11T15:43:25Z,6.07964646522446
near_window,2021-05-11T15:44:15Z,6.2233019452015
center,2021-05-11T15:45:00Z,5.87454258778176
near_door,2021-05-11T15:45:45Z,5.47075939202758
near_window,2021-05-11T15:46:30Z,5.53731513489668
center,2021-05-11T15:47:15Z,5.31623124282142
near_door,2021-05-11T15:48:00Z,4.96401231404128
near_window,2021-05-11T15:48:45Z,4.95396290339203
center,2021-05-11T15:49:50Z,4.4788465512389
near_door,2021-05-11T15:50:35Z,4.38906203336366
near_window,2021-05-11T15:51:25Z,4.30257243513286
center,2021-05-11T15:52:10Z,4.34952394029303
near_door,2021-05-11T15:52:55Z,3.88659809953846
near_window,2021-05-11T15:53:45Z,3.93107857207573
center,2021-05-11T15:54:35Z,3.80241488221458
near_door,2021-05-11T15:55:20Z,3.66254890547155
near_window,2021-05-11T15:56:05Z,3.62037481384121
center,2021-05-11T15:56:50Z,3.44591280927335
near_door,2021-05-11T15:57:40Z,3.32960491096839
near_window,2021-05-11T15:58:25Z,3.25678863224237
center,2021-05-11T15:59:25Z,3.10736751421883
near_door,2021-05-11T16:00:15Z,3.01906580444984
near_window,2021-05-11T16:01:05Z,2.99633129881245
center,2021-05-11T16:01:50Z,2.89089638395744
near_door,2021-05-11T16:02:40Z,2.55828184999664
near_window,2021-05-11T16:03:25Z,2.71248053866043
center,2021-05-11T16:04:15Z,2.59073599152008
near_door,2021-05-11T16:05:00Z,2.36783983079622
near_window,2021-05-11T16:05:45Z,2.46899160149015
center,2021-05-11T16:06:30Z,2.34362267416301
near_door,2021-05-11T16:07:20Z,2.23406910975246
near_window,2021-05-11T16:08:05Z,2.25565042493638
center,2021-05-11T16:09:05Z,2.1653716376924
near_door,2021-05-11T16:09:50Z,2.06141921672279
near_window,2021-05-11T16:10:35Z,2.01331452110915
center,2021-05-11T16:11:25Z,1.96553928603786
near_door,2021-05-11T16:12:10Z,1.86587032345018
near_window,2021-05-11T16:13:00Z,1.8561505304537
center,2021-05-11T16:13:45Z,1.79997334455538
near_door,2021-05-11T16:14:30Z,1.75796406175143
near_window,2021-05-11T16:15:15Z,1.72419192094813
center,2021-05-11T16:16:00Z,1.6864660965261
near_door,2021-05-11T16:16:45Z,1.61992669314026
near_window,2021-05-11T16:17:30Z,1.6132710245871
center,2021-05-11T16:18:15Z,1.58058624497296
near_door,2021-05-11T16:19:20Z,1.52119662239861
near_window,2021-05-11T16:20:05Z,1.50973054712825
center,2021-05-11T16:20:50Z,1.49258084544855
near_door,2021-05-11T16:21:35Z,1.45834742846386
near_window,2021-05-11T16:22:25Z,1.41465784976075
center,2021-05-11T16:23:10Z,1.64631841504137
near_door,2021-05-11T16:23:55Z,1.40974846348147
near_window,2021-05-11T16:24:50Z,1.36854657110536
center,2021-05-11T16:25:35Z,1.36643783510176
near_door,2021-05-11T16:26:20Z,1.26138171345973
near_window,2021-05-11T16:27:05Z,1.31256710866558
center,2021-05-11T16:28:00Z,1.27146388163072
near_door,2021-05-11T16:29:00Z,1.25324339391074
near_window,2021-05-11T16:29:45Z,1.22059152892876
center,2021-05-11T16:30:30Z,1.2103280553377
near_door,2021-05-11T16:31:15Z,1.11570013755791
near_window,2021-05-11T16:32:00Z,1.18148171885215
center,2021-05-11T16:32:45Z,1.13766032451001
near_door,2021-05-11T16:33:30Z,1.13925829455119
near_window,2021-05-11T16:34:15Z,1.10868217238544
center,2021-05-11T16:35:00Z,1.09398716384538
near_door,2021-05-11T16:35:45Z,1.07037959562626
near_window,2021-05-11T16:36:30Z,1.0629826801304
center,2021-05-11T16:37:20Z,1.06243899953582
near_door,2021-05-11T16:38:05Z,1.00879891119033
near_window,2021-05-11T16:39:05Z,1.01797510214743
center,2021-05-11T16:39:50Z,1.01166546928552
near_door,2021-05-11T16:40:35Z,0.925818295545751
near_window,2021-05-11T16:41:25Z,0.964005553259583
center,2021-05-11T16:42:10Z,1.12716621282826
near_door,2021-05-11T16:43:00Z,0.895340995831671
near_window,2021-05-11T16:43:45Z,0.916263232820453
center,2021-05-11T16:44:35Z,0.908849820730907
near_door,2021-05-11T16:45:20Z,0.811783706405154
near_window,2021-05-11T16:46:05Z,0.858257517345472
center,2021-05-11T16:46:50Z,0.852046706935226
near_door,2021-05-11T16:47:35Z,0.803381834133322
near_window,2021-05-11T16:48:20Z,0.810992969681408
center,2021-05-11T16:49:25Z,0.778835295512961
near_door,2021-05-11T16:50:10Z,0.774930866009648
near_window,2021-05-11T16:50:55Z,0.763926145475884
center,2021-05-11T16:51:40Z,0.746216345163128
near_door,2021-05-11T16:52:25Z,0.711554566629208
near_window,2021-05-11T16:53:15Z,0.703795197403623
center,2021-05-11T16:54:00Z,0.68913318205092
near_door,2021-05-11T16:54:45Z,0.633417311611587
near_window,2021-05-11T16:55:30Z,0.673120174231002
center,2021-05-11T16:56:15Z,0.662362509826404
near_door,2021-05-11T16:57:00Z,0.597734158263228
near_window,2021-05-11T16:57:45Z,0.631588703479721
center,2021-05-11T16:58:30Z,0.626926491162419
near_door,2021-05-11T16:59:30Z,0.60587243853461
near_window,2021-05-11T17:00:20Z,0.598228388354371
center,2021-05-11T17:01:05Z,0.5888051412681
near_door,2021-05-11T17:01:55Z,0.546680539418801
near_window,2021-05-11T17:02:45Z,0.567322766368661
center,2021-05-11T17:03:35Z,0.556350921189446
near_door,2021-05-11T17:04:20Z,0.52159032020386
near_window,2021-05-11T17:05:05Z,0.528789551518789
center,2021-05-11T17:05:55Z,0.53837752887624
near_door,2021-05-11T17:06:45Z,0.446583176004279
near_window,2021-05-11T17:07:30Z,0.513715631932928
center,2021-05-11T17:08:15Z,0.49075056676006
near_door,2021-05-11T17:09:15Z,0.497406156758012
near_window,2021-05-11T17:10:00Z,0.493320539667442
center,2021-05-11T17:10:45Z,0.48885605080868
near_door,2021-05-11T17:11:30Z,0.498196932759362
near_window,2021-05-11T17:12:15Z,0.477851251719709
center,2021-05-11T17:13:05Z,0.470075425178047
near_door,2021-05-11T17:13:55Z,0.439878174780493
near_window,2021-05-11T17:14:40Z,0.466582899907891
center,2021-05-11T17:15:30Z,0.444523890504115
near_door,2021-05-11T17:16:15Z,0.413420584337469
near_window,2021-05-11T17:17:05Z,0.492546260259773
center,2021-05-11T17:17:55Z,0.412563939794209
near_door,2021-05-11T17:18:40Z,0.39088384143623
near_window,2021-05-11T17:19:45Z,0.509465284571179
center,2021-05-11T17:20:40Z,0.333108764051942
near_door,2021-05-11T17:21:25Z,0.326552016144458
near_window,2021-05-11T17:22:15Z,0.429252326014923
center,2021-05-11T17:23:00Z,0.395430734708186
near_door,2021-05-11T17:23:45Z,0.334887960957975
near_window,2021-05-11T17:24:30Z,0.435858465509438
center,2021-05-11T17:25:15Z,0.727023815299337
near_door,2021-05-11T17:26:00Z,0.397440569704912
near_window,2021-05-11T17:26:45Z,0.364261520722026
center,2021-05-11T17:27:30Z,0.339352489094341
near_door,2021-05-11T17:28:25Z,0.35727643090411
near_window,2021-05-11T17:29:25Z,0.344459480999349
center,2021-05-11T17:30:15Z,1.01721728005584
near_door,2021-05-11T17:31:00Z,0.350505521860812
near_window,2021-05-11T17:31:50Z,0.338166344731118
center,2021-05-11T17:32:35Z,0.337111976729318
near_door,2021-05-11T17:33:25Z,0.232121782545601
near_window,2021-05-11T17:34:15Z,0.349484147046372
center,2021-05-11T17:35:00Z,1.43157691334976
near_door,2021-05-11T17:35:55Z,0.362366965493043
near_window,2021-05-11T17:36:40Z,0.393173765027086
center,2021-05-11T17:37:25Z,0.415595188882979
near_door,2021-05-11T17:38:10Z,0.310094268014438
near_window,2021-05-11T17:39:10Z,0.291593711339134
center,2021-05-11T17:39:55Z,1.05301575244954
near_door,2021-05-11T17:40:40Z,0.30393290810763
near_window,2021-05-11T17:41:25Z,0.303652839152301
center,2021-05-11T17:42:10Z,0.285877150658833
near_door,2021-05-11T17:42:55Z,0.295844058700883
near_window,2021-05-11T17:43:40Z,0.321296731645544
center,2021-05-11T17:44:25Z,0.331016524642022
near_door,2021-05-11T17:45:20Z,0.190046611560938
near_window,2021-05-11T17:46:05Z,0.277195248709277
center,2021-05-11T17:47:00Z,0.446369034507266
near_door,2021-05-11T17:47:45Z,0.239353967770286
near_window,2021-05-11T17:48:30Z,0.254230183536408
center,2021-05-11T17:49:35Z,0.267788458939082
near_door,2021-05-11T17:50:20Z,0.274724117892362
near_window,2021-05-11T17:51:10Z,0.255037416853835
center,2021-05-11T17:52:00Z,0.275317190073974
near_door,2021-05-11T17:52:45Z,0.24546589681246
center,2021-05-11T17:56:16Z,0.268134416075122
near_door,2021-05-11T17:57:19Z,0.273801545890787
near_window,2021-05-11T17:58:06Z,0.26979831357461
center,2021-05-11T17:59:06Z,0.278743827163418
near_door,2021-05-11T17:59:51Z,0.281923349207291
near_window,2021-05-11T18:00:36Z,0.285498259251838
center,2021-05-11T18:01:21Z,0.279518106571088
near_door,2021-05-11T18:02:06Z,0.282928266705654
near_window,2021-05-11T18:02:51Z,0.290045132884992
center,2021-05-11T18:03:36Z,0.279979382752474
near_door,2021-05-11T18:04:21Z,3.30555256316157
near_window,2021-05-11T18:05:06Z,33.9154782917946
center,2021-05-11T18:05:56Z,34.3322758859689
near_door,2021-05-11T18:06:41Z,34.2251944539541
near_window,2021-05-11T18:07:26Z,34.2845017506705
center,2021-05-11T18:08:11Z,34.2383741325318
near_door,2021-05-11T18:09:11Z,34.1790668358155
near_window,2021-05-11T18:10:06Z,34.1790668358155
center,2021-05-11T18:10:51Z,34.9006385269034
near_door,2021-05-11T18:11:41Z,34.1592985748322
near_window,2021-05-11T18:12:31Z,34.1098754086075
center,2021-05-11T18:13:16Z,34.6222237871451
near_door,2021-05-11T18:14:01Z,34.0966957300298
near_window,2021-05-11T18:14:46Z,34.0390349504731
center,2021-05-11T18:15:31Z,34.2482582630235
near_door,2021-05-11T18:16:16Z,33.9978493975803
near_window,2021-05-11T18:17:06Z,33.9500752622819
center,2021-05-11T18:17:51Z,34.3125076249856
near_door,2021-05-11T18:18:36Z,33.9583128756138
near_window,2021-05-11T18:19:41Z,33.9962028804206
center,2021-05-11T18:20:26Z,33.9434841661097
near_door,2021-05-11T18:21:16Z,33.9187738398807
near_window,2021-05-11T18:22:01Z,33.8825303522337
center,2021-05-11T18:22:51Z,33.9138317746349
near_door,2021-05-11T18:23:36Z,33.8528779607588
near_window,2021-05-11T18:24:21Z,33.8413447993408
center,2021-05-11T18:25:16Z,33.8561709950782
near_door,2021-05-11T18:26:01Z,33.8133389250257
near_window,2021-05-11T18:26:46Z,33.8331071860089
center,2021-05-11T18:27:31Z,33.7754489202189
near_door,2021-05-11T18:28:16Z,33.7952171812022
near_window,2021-05-11T18:29:16Z,33.7342633673261
center,2021-05-11T18:30:01Z,33.7540316283093
near_door,2021-05-11T18:30:46Z,33.6881357491874
near_window,2021-05-11T18:31:31Z,33.6485967134543
center,2021-05-11T18:32:16Z,33.7853330507105
near_door,2021-05-11T18:33:01Z,33.650243230614
near_window,2021-05-11T18:33:46Z,33.592584964824
center,2021-05-11T18:34:31Z,33.6321214867905
near_door,2021-05-11T18:35:16Z,33.6008225781559
near_window,2021-05-11T18:36:01Z,33.6222373562989
center,2021-05-11T18:36:46Z,33.5859938686518
near_door,2021-05-11T18:37:41Z,33.5332776681077
near_window,2021-05-11T18:38:26Z,33.6288284524711
center,2021-05-11T18:39:26Z,33.4970341804606
near_door,2021-05-11T18:40:11Z,33.5332776681077
near_window,2021-05-11T18:40:56Z,33.4377268837443
center,2021-05-11T18:41:41Z,33.9303070012987
near_door,2021-05-11T18:42:26Z,33.4080719785028
near_window,2021-05-11T18:43:11Z,33.3932457827653
center,2021-05-11T18:43:56Z,33.4558486275678
near_door,2021-05-11T18:44:46Z,33.4294892704124
near_window,2021-05-11T18:45:31Z,33.4113675265889
center,2021-05-11T18:46:16Z,33.6420081310488
near_door,2021-05-11T18:47:01Z,33.333938486049
near_window,2021-05-11T18:47:46Z,33.3075791288935
center,2021-05-11T18:48:31Z,33.2581584764355
near_door,2021-05-11T18:49:36Z,33.3191122903115
near_window,2021-05-11T18:50:21Z,33.2894598988367
center,2021-05-11T18:51:11Z,33.312523707906
near_door,2021-05-11T18:51:56Z,33.2153238926162
near_window,2021-05-11T18:52:41Z,33.1378948520764
center,2021-05-11T18:53:31Z,33.2004976968788
near_door,2021-05-11T18:54:21Z,33.2301526021203
near_window,2021-05-11T18:55:11Z,33.0917672339377
center,2021-05-11T18:56:01Z,33.2433297669314
near_door,2021-05-11T18:56:46Z,33.1131845258473
near_window,2021-05-11T18:57:36Z,33.0522307119712
center,2021-05-11T18:58:21Z,33.159312143986
near_door,2021-05-11T18:59:21Z,33.1082424606015
near_window,2021-05-11T19:00:06Z,33.0604658115365
center,2021-05-11T19:00:51Z,32.9879813500091
near_door,2021-05-11T19:01:36Z,33.0028075457465
near_window,2021-05-11T19:02:26Z,32.8891350175596
center,2021-05-11T19:03:11Z,32.9484423142759
near_door,2021-05-11T19:03:56Z,32.8874885003999
near_window,2021-05-11T19:04:41Z,32.8413608822612
center,2021-05-11T19:05:26Z,32.8084104289336
near_door,2021-05-11T19:06:16Z,32.9023146961373
near_window,2021-05-11T19:07:01Z,32.8578335951584
center,2021-05-11T19:07:51Z,32.8150015251058
near_door,2021-05-11T19:08:41Z,32.7276883540743
near_window,2021-05-11T19:09:41Z,32.7375724845659
center,2021-05-11T19:10:31Z,32.8331232689293
near_door,2021-05-11T19:11:21Z,32.8166480422655
near_window,2021-05-11T19:12:11Z,32.7260393231479
center,2021-05-11T19:12:56Z,32.7227462888285
near_door,2021-05-11T19:13:46Z,32.7227462888285
near_window,2021-05-11T19:14:31Z,32.7243928059882
center,2021-05-11T19:15:26Z,32.6815607359356
near_door,2021-05-11T19:16:11Z,32.6914448664273
near_window,2021-05-11T19:17:01Z,32.6189578911332
center,2021-05-11T19:17:51Z,32.5925985339778
near_door,2021-05-11T19:18:41Z,32.6617899611857
near_window,2021-05-11T19:19:46Z,32.6090737606416
center,2021-05-11T19:20:31Z,32.5052853629463
near_door,2021-05-11T19:21:21Z,32.5596505944168
near_window,2021-05-11T19:22:11Z,32.4624532928937
center,2021-05-11T19:22:56Z,32.5234071067698
near_door,2021-05-11T19:23:46Z,32.5316447201017
near_window,2021-05-11T19:24:41Z,32.4673953581395
center,2021-05-11T19:25:26Z,32.4640998100534
near_door,2021-05-11T19:26:11Z,32.3866707695135
near_window,2021-05-11T19:27:01Z,32.3998504480912
center,2021-05-11T19:27:46Z,32.5118764591184
near_door,2021-05-11T19:28:36Z,32.3290125037235
near_window,2021-05-11T19:29:36Z,32.3866707695135
center,2021-05-11T19:30:21Z,32.3372476032888
near_door,2021-05-11T19:31:11Z,32.3652559913706
center,2021-05-12T09:20:05Z,24.8315928462994
near_door,2021-05-12T09:21:08Z,24.8134711024759
near_window,2021-05-12T09:21:56Z,24.7228648971249
center,2021-05-12T09:22:41Z,24.7821696800747
near_door,2021-05-12T09:23:26Z,24.6404937913393
near_window,2021-05-12T09:24:11Z,24.572948881291
center,2021-05-12T09:24:56Z,24.6404937913393
near_door,2021-05-12T09:25:41Z,24.5531781065411
near_window,2021-05-12T09:26:26Z,24.3736096992323
center,2021-05-12T09:52:48Z,1.48969786931488
near_door,2021-05-12T09:53:51Z,1.21204142297943
near_window,2021-05-12T09:54:38Z,1.12711680160243
center,2021-05-12T09:55:23Z,1.09001682652255
near_door,2021-05-12T09:56:08Z,1.0225054595481
near_window,2021-05-12T09:56:53Z,0.955702503439418
center,2021-05-12T09:57:43Z,0.9433797836258
near_door,2021-05-12T09:58:38Z,0.850152190983846
near_window,2021-05-12T09:59:23Z,0.831305696811304
center,2021-05-12T10:00:08Z,0.982357778063379
near_door,2021-05-12T10:00:53Z,0.771767840559456
near_window,2021-05-12T10:01:38Z,0.733317030122777
center,2021-05-12T10:02:23Z,0.95018368585646
near_door,2021-05-12T10:03:08Z,0.683597789319073
near_window,2021-05-12T10:03:53Z,0.695179183634778
center,2021-05-12T10:04:38Z,0.654949137014463
near_door,2021-05-12T10:05:23Z,0.604883978352323
near_window,2021-05-12T10:06:08Z,0.603022377033097
center,2021-05-12T10:06:53Z,0.754832358931973
near_door,2021-05-12T10:07:43Z,0.573022850094083
near_window,2021-05-12T10:08:48Z,0.53865761747037
center,2021-05-12T10:09:33Z,0.55241357705398
near_door,2021-05-12T10:10:18Z,0.514341677663099
near_window,2021-05-12T10:11:03Z,0.531194794154992
center,2021-05-12T10:11:48Z,0.491771980852103
near_door,2021-05-12T10:12:33Z,0.471475750315887
near_window,2021-05-12T10:13:18Z,0.484753976402035
center,2021-05-12T10:14:03Z,0.755030003835305
near_door,2021-05-12T10:14:48Z,0.428016731148262
near_window,2021-05-12T10:15:33Z,0.445957169551712
center,2021-05-12T10:16:18Z,0.607569270305052
near_door,2021-05-12T10:17:03Z,0.403816110386337
near_window,2021-05-12T10:17:48Z,0.428560372465239
center,2021-05-12T10:18:48Z,0.502068369075314
near_door,2021-05-12T10:19:33Z,0.379302486398129
near_window,2021-05-12T10:20:23Z,0.366007763718302
center,2021-05-12T10:21:08Z,0.382201919847872
near_door,2021-05-12T10:21:53Z,0.345151395271429
near_window,2021-05-12T10:22:38Z,0.330703521415739
center,2021-05-12T10:23:23Z,0.387160678075381
near_door,2021-05-12T10:24:08Z,0.331313070552229
near_window,2021-05-12T10:24:58Z,0.308595120424932
center,2021-05-12T10:25:38Z,0.807829944231216
near_door,2021-05-12T10:26:23Z,0.291824349429827
near_window,2021-05-12T10:27:13Z,0.306782949970341
center,2021-05-12T10:27:58Z,0.311873484559273
near_door,2021-05-12T10:28:58Z,0.290045132884992
near_window,2021-05-12T10:29:43Z,0.276635130437422
center,2021-05-12T10:30:28Z,0.353174356497465
near_door,2021-05-12T10:31:13Z,0.266734110576084
near_window,2021-05-12T10:32:03Z,0.288990784521994
center,2021-05-12T10:32:48Z,0.253851272490611
near_door,2021-05-12T10:33:34Z,0.256520107127264
near_window,2021-05-12T10:34:18Z,0.254922097808488
center,2021-05-12T10:35:03Z,0.73684250930269
near_door,2021-05-12T10:35:48Z,0.243884364448562
near_window,2021-05-12T10:36:33Z,0.240260043178181
center,2021-05-12T10:37:18Z,0.467373636631638
near_door,2021-05-12T10:38:23Z,0.229370582773358
near_window,2021-05-12T10:39:13Z,0.219354263505475
center,2021-05-12T10:39:58Z,0.249073741127962
near_door,2021-05-12T10:40:43Z,0.206471405781201
near_window,2021-05-12T10:41:28Z,0.220062654732434
center,2021-05-12T10:42:18Z,0.239914086042141
near_door,2021-05-12T10:43:03Z,0.203637840873368
near_window,2021-05-12T10:43:48Z,0.212303285506848
center,2021-05-12T10:44:33Z,0.897334334234716
near_door,2021-05-12T10:45:23Z,0.203044768691757
near_window,2021-05-12T10:46:08Z,0.198382576013256
center,2021-05-12T10:46:53Z,0.236322699042715
near_door,2021-05-12T10:47:38Z,0.188712194242611
near_window,2021-05-12T10:48:38Z,0.183885251654129
center,2021-05-12T10:49:23Z,0.294031907885093
near_door,2021-05-12T10:50:08Z,0.165285852888356
near_window,2021-05-12T10:50:53Z,0.170639979477738
center,2021-05-12T10:51:43Z,0.225235554456956
near_door,2021-05-12T10:52:28Z,0.183242768246684
near_window,2021-05-12T10:53:13Z,0.168020575705721
center,2021-05-12T10:53:58Z,0.171364847659575
near_door,2021-05-12T10:54:43Z,0.161397949436926
near_window,2021-05-12T10:55:28Z,0.164221626207952
center,2021-05-12T10:56:13Z,0.243027719905302
near_door,2021-05-12T10:57:03Z,0.145101642078751
near_window,2021-05-12T10:57:48Z,0.158893864710255
center,2021-05-12T10:58:48Z,0.135874429514048
near_door,2021-05-12T10:59:33Z,0.139576186580717
near_window,2021-05-12T11:00:19Z,0.156004280119716
center,2021-05-12T11:01:03Z,0.141885876625786
near_door,2021-05-12T11:01:58Z,0.127915736267559
near_window,2021-05-12T11:02:43Z,0.136516932560295
center,2021-05-12T11:03:28Z,0.139269772172505
near_door,2021-05-12T11:04:13Z,0.133133127698014
near_window,2021-05-12T11:05:03Z,0.125681832359409
center,2021-05-12T11:05:48Z,0.136095189287335
near_door,2021-05-12T11:06:33Z,0.122994890747312
near_window,2021-05-12T11:07:18Z,0.133507089765706
center,2021-05-12T11:08:23Z,0.128037644130977
near_door,2021-05-12T11:09:08Z,0.127421506176416
near_window,2021-05-12T11:09:53Z,0.126762545814093
center,2021-05-12T11:10:38Z,0.120635779657008
near_door,2021-05-12T11:11:28Z,0.118660518771204
near_window,2021-05-12T11:12:13Z,0.12717769044958
center,2021-05-12T11:16:23Z,0.120339243566202
near_door,2021-05-12T11:17:26Z,0.112650721318834
near_window,2021-05-12T11:18:23Z,0.108467921616565
center,2021-05-12T11:19:08Z,0.11847601222641
near_door,2021-05-12T11:19:53Z,0.108209278594219
near_window,2021-05-12T11:20:38Z,0.100331300823952
center,2021-05-12T11:21:23Z,0.109044516843298
near_door,2021-05-12T11:22:08Z,0.0951501626219908
near_window,2021-05-12T11:22:53Z,0.092881655144716
center,2021-05-12T11:23:38Z,0.108441556524879
near_door,2021-05-12T11:24:23Z,0.0952078221446641
near_window,2021-05-12T11:25:23Z,0.0986146829604939
center,2021-05-12T11:26:08Z,0.121856517769955
near_door,2021-05-12T11:26:53Z,0.0909986573507099
near_window,2021-05-12T11:27:38Z,0.0910233629636265
center,2021-05-12T11:34:18Z,0.12943466013068
near_door,2021-05-12T11:35:20Z,0.130207299698383
near_window,2021-05-12T11:36:08Z,0.130118345744722
center,2021-05-12T11:36:53Z,0.15023995787295
near_door,2021-05-12T11:37:38Z,0.151083434599469
near_window,2021-05-12T11:38:43Z,0.158033911028858
center,2021-05-12T11:39:28Z,0.161986072640434
near_door,2021-05-12T11:40:18Z,0.158732414119009
near_window,2021-05-12T11:41:03Z,0.18726247751774
center,2021-05-12T11:41:53Z,0.200062950467623
near_door,2021-05-12T11:42:38Z,0.185269099837091
near_window,2021-05-12T11:43:23Z,0.192303581242037
center,2021-05-12T11:44:08Z,0.203983798009408
near_door,2021-05-12T11:44:53Z,0.20189157823829
near_window,2021-05-12T11:45:38Z,0.196043241196567
center,2021-05-12T11:46:33Z,0.219716677957592
near_door,2021-05-12T11:47:18Z,0.212846946462627
near_window,2021-05-12T11:48:03Z,0.229255263728012
center,2021-05-12T11:49:03Z,0.215746399551171
near_door,2021-05-12T11:49:48Z,0.233522088044639
near_window,2021-05-12T11:50:33Z,0.23688281731457
center,2021-05-12T11:51:18Z,0.544637750512319
near_door,2021-05-12T11:52:08Z,0.248480668946351
near_window,2021-05-12T11:52:53Z,45.302459151203
center,2021-05-12T11:53:43Z,30.8479791167408
near_door,2021-05-12T11:54:33Z,30.9550605487556
near_window,2021-05-12T11:55:18Z,30.7244224580623
center,2021-05-12T11:56:08Z,30.7458397499719
near_door,2021-05-12T11:56:58Z,30.7787876895329
near_window,2021-05-12T11:57:43Z,30.6025123165435
center,2021-05-12T11:58:43Z,30.6387558041905
near_door,2021-05-12T11:59:28Z,30.6354627698711
near_window,2021-05-12T12:00:13Z,30.5432050198271
center,2021-05-12T12:00:58Z,30.5432050198271
near_door,2021-05-12T12:01:43Z,30.5184946935981
near_window,2021-05-12T12:02:28Z,30.352105964867
center,2021-05-12T12:03:13Z,30.3982335830056
near_door,2021-05-12T12:03:58Z,30.3652856434447
near_window,2021-05-12T12:04:43Z,30.2417289847662
center,2021-05-12T12:05:28Z,30.1675929785457
near_door,2021-05-12T12:06:13Z,30.1972478837872
near_window,2021-05-12T12:06:58Z,30.141236135157
center,2021-05-12T12:07:43Z,30.1148767780015
near_door,2021-05-12T12:08:48Z,30.1115812299154
near_window,2021-05-12T12:09:38Z,29.9567231488357
center,2021-05-12T12:10:23Z,29.9451925011844
near_door,2021-05-12T12:11:08Z,30.0044997979007
near_window,2021-05-12T12:11:53Z,29.9451925011844
center,2021-05-12T12:12:38Z,29.8545837820668
near_door,2021-05-12T12:13:23Z,29.852937264907
near_window,2021-05-12T12:14:08Z,29.7293806062285
center,2021-05-12T12:14:53Z,29.6519515656886
near_door,2021-05-12T12:15:38Z,29.6618356961802
near_window,2021-05-12T12:16:24Z,29.5465166508336
center,2021-05-12T12:17:14Z,29.6025283994639
near_door,2021-05-12T12:17:59Z,29.5629893637308
near_window,2021-05-12T12:19:04Z,29.4526123836299
center,2021-05-12T12:19:49Z,29.3998961830857
near_door,2021-05-12T12:20:39Z,29.4015427002455
near_window,2021-05-12T12:21:24Z,29.2302093925019
center,2021-05-12T12:22:09Z,29.3043453987223
near_door,2021-05-12T12:22:59Z,29.3521195340207
near_window,2021-05-12T12:23:49Z,29.2285628753422
center,2021-05-12T12:24:39Z,29.2038525491131
near_door,2021-05-12T12:25:24Z,29.1626669962203
near_window,2021-05-12T12:26:09Z,29.0489944680334
center,2021-05-12T12:26:54Z,29.0374613066154
near_door,2021-05-12T12:27:39Z,28.9798030408254
near_window,2021-05-12T12:28:39Z,29.0160465284724
center,2021-05-12T12:29:24Z,28.8908408388675
near_door,2021-05-12T12:30:09Z,28.8809567083759
near_window,2021-05-12T12:30:54Z,28.8232984425859
center,2021-05-12T12:31:39Z,28.7606955977835
near_door,2021-05-12T12:32:29Z,28.8084697330818
near_window,2021-05-12T12:33:19Z,28.7293941753822
center,2021-05-12T12:34:09Z,28.6832665572436
near_door,2021-05-12T12:34:54Z,28.5910113209663
near_window,2021-05-12T12:35:44Z,28.5761851252289
center,2021-05-12T12:36:29Z,28.498756084689
near_door,2021-05-12T12:37:19Z,28.5745360943025
near_window,2021-05-12T12:38:24Z,28.4345067227268
center,2021-05-12T12:39:09Z,28.3850835565021
near_door,2021-05-12T12:40:04Z,28.4443908532184
near_window,2021-05-12T12:40:49Z,28.2747065764012
center,2021-05-12T12:41:39Z,28.2532892844916
near_door,2021-05-12T12:42:29Z,28.3356603902773
near_window,2021-05-12T12:43:14Z,28.2417561230736
center,2021-05-12T12:44:04Z,28.2862372240526
near_door,2021-05-12T12:44:49Z,28.2104572144391
near_window,2021-05-12T12:45:34Z,28.1000802343382
center,2021-05-12T12:46:19Z,28.021002162872
near_door,2021-05-12T12:47:09Z,28.0605411986051
near_window,2021-05-12T12:47:59Z,27.9699324794875
center,2021-05-12T12:48:59Z,27.9336889918405
near_door,2021-05-12T12:49:44Z,27.9007410522795
near_window,2021-05-12T12:50:34Z,27.8447293036493
center,2021-05-12T12:51:19Z,27.8661440817922
near_door,2021-05-12T12:52:04Z,27.8216654945799
near_window,2021-05-12T12:52:49Z,27.7508250364456
center,2021-05-12T12:53:34Z,27.7392943887942
near_door,2021-05-12T12:54:19Z,27.7046974183069
near_window,2021-05-12T12:55:04Z,27.6338594739392
center,2021-05-12T12:55:49Z,27.59102489012
near_door,2021-05-12T12:56:34Z,27.6701029615863
near_window,2021-05-12T12:57:19Z,27.5794942424687
center,2021-05-12T12:58:04Z,27.4888855233511
near_door,2021-05-12T12:59:09Z,27.5448972719814
near_window,2021-05-12T12:59:54Z,27.4839434581053
center,2021-05-12T13:00:39Z,27.4065144175654
near_door,2021-05-12T13:01:24Z,27.4460534532985
near_window,2021-05-12T13:02:09Z,27.3076680851159
center,2021-05-12T13:02:54Z,27.4444044223721
near_door,2021-05-12T13:03:44Z,27.3603867994267
near_window,2021-05-12T13:04:39Z,27.2533028536453
center,2021-05-12T13:05:24Z,27.2648360150633
near_door,2021-05-12T13:06:09Z,27.2401256888343
near_window,2021-05-12T13:06:59Z,27.2022331702609
center,2021-05-12T13:07:44Z,27.1017403206517
near_door,2021-05-12T13:08:49Z,27.161047617368
near_window,2021-05-12T13:09:39Z,27.0687923810907
center,2021-05-12T13:10:29Z,27.1066823858975
near_door,2021-05-12T13:11:19Z,26.9963054057967
near_window,2021-05-12T13:12:04Z,27.0292558591243
center,2021-05-12T13:12:49Z,26.925467461429
near_door,2021-05-12T13:13:34Z,26.8842819085361
near_window,2021-05-12T13:14:19Z,26.8200325465739
center,2021-05-12T13:15:04Z,26.8760442952042
near_door,2021-05-12T13:15:49Z,26.7920266722588
near_window,2021-05-12T13:16:34Z,26.7607252498576
center,2021-05-12T13:17:19Z,26.7261282793703
near_door,2021-05-12T13:18:19Z,26.7689628631895
near_window,2021-05-12T13:19:09Z,26.6717630478997
center,2021-05-12T13:19:54Z,26.6322265259332
near_door,2021-05-12T13:20:39Z,26.6635279483345
near_window,2021-05-12T13:21:24Z,26.5416178068156
center,2021-05-12T13:22:09Z,26.5300846453977
near_door,2021-05-12T13:22:54Z,26.5086698672547
near_window,2021-05-12T13:23:39Z,26.4806639929396
center,2021-05-12T13:24:29Z,26.4197076652968
near_door,2021-05-12T13:25:19Z,26.4230032133829
near_window,2021-05-12T13:26:04Z,26.3735800471582
center,2021-05-12T13:26:49Z,26.3752290780846
near_door,2021-05-12T13:27:34Z,26.3488697209291
near_window,2021-05-12T13:28:34Z,26.2829713280406
center,2021-05-12T13:29:19Z,26.2796782937212
near_door,2021-05-12T13:30:04Z,26.3010930718641
near_window,2021-05-12T13:30:49Z,26.2121333836729
center,2021-05-12T13:31:34Z,26.1989537050952
near_door,2021-05-12T13:32:19Z,26.2302551274964
near_window,2021-05-12T13:33:04Z,26.1165825993095
center,2021-05-12T13:33:49Z,26.1132870512234
near_door,2021-05-12T13:34:34Z,26.0704549811708
near_window,2021-05-12T13:35:19Z,25.9979680058768
center,2021-05-12T13:36:04Z,26.0589218197528
near_door,2021-05-12T13:36:54Z,25.9798462620532
near_window,2021-05-12T13:37:39Z,25.9946724577907
center,2021-05-12T13:38:44Z,26.0062056192087
near_door,2021-05-12T13:39:29Z,26.0276229111183
near_window,2021-05-12T13:40:14Z,25.9040662524397
center,2021-05-12T13:40:59Z,25.9040662524397
near_door,2021-05-12T13:41:44Z,25.9254810305827
near_window,2021-05-12T13:42:34Z,25.818399598568
center,2021-05-12T13:43:24Z,25.879353412444
near_door,2021-05-12T13:44:14Z,25.8645272167066
near_window,2021-05-12T13:44:59Z,25.8282837290596
center,2021-05-12T13:45:44Z,25.7788605628348
near_door,2021-05-12T13:46:34Z,25.7590923018516
near_window,2021-05-12T13:47:19Z,25.7129646837129
center,2021-05-12T13:48:19Z,25.7772140456751
near_door,2021-05-12T13:49:04Z,25.7212022970448
near_window,2021-05-12T13:49:49Z,25.6651880346479
center,2021-05-12T13:50:34Z,25.8744113471982
near_door,2021-05-12T13:51:19Z,25.6635415174882
near_window,2021-05-12T13:52:09Z,25.6256515126814
center,2021-05-12T13:52:59Z,25.7343819756225
near_door,2021-05-12T13:53:49Z,25.6355356431731
near_window,2021-05-12T13:54:34Z,25.5103324673348
center,2021-05-12T13:55:19Z,25.5564600854735
near_door,2021-05-12T13:56:09Z,25.5844659597886
near_window,2021-05-12T13:56:54Z,25.5070369192487
center,2021-05-12T14:40:20Z,2.83768465716118
near_door,2021-05-12T14:41:22Z,2.44065579530141
near_window,2021-05-12T14:42:10Z,2.36685129205873
center,2021-05-12T15:04:10Z,1.41058868998626
near_door,2021-05-12T15:05:12Z,1.32259994416594
near_window,2021-05-12T15:06:00Z,1.30070566503335
center,2021-05-12T15:06:45Z,1.27637326791
near_door,2021-05-12T15:07:30Z,1.24469328796141
near_window,2021-05-12T15:08:40Z,1.21579754025003
center,2021-05-12T15:41:24Z,0.589645328495283
near_door,2021-05-12T15:42:27Z,0.577339065997742
near_window,2021-05-12T15:43:14Z,0.568673641003064
center,2021-05-12T15:43:59Z,0.560617765144876
near_door,2021-05-12T15:44:44Z,0.54048626487984
near_window,2021-05-12T15:45:29Z,0.544736612241589
center,2021-05-12T15:46:14Z,0.528262367517888
near_door,2021-05-12T15:46:59Z,0.519514577387621
near_window,2021-05-12T15:47:44Z,0.520750132976677
center,2021-05-12T15:48:44Z,0.513501490435915
near_door,2021-05-12T15:49:29Z,0.499663126439111
near_window,2021-05-12T15:50:14Z,0.485231709899497
center,2021-05-12T15:50:59Z,0.47404572322327
near_door,2021-05-12T15:51:44Z,0.471887575993837
near_window,2021-05-12T15:52:29Z,0.465067255724705
center,2021-05-12T15:53:14Z,0.450504062823668
near_door,2021-05-12T15:53:59Z,0.451558391547864
near_window,2021-05-12T15:54:44Z,0.451805526232238
center,2021-05-12T15:55:29Z,0.438379027190987
near_door,2021-05-12T15:56:14Z,0.429268783330999
near_window,2021-05-12T15:57:00Z,0.43816484641637
center,2021-05-12T15:57:44Z,0.410636430655469
near_door,2021-05-12T15:58:44Z,0.415035050972322
near_window,2021-05-12T15:59:29Z,0.418132207880605
center,2021-05-12T16:00:14Z,0.404623343703764
near_door,2021-05-12T16:00:59Z,0.39340440311778
near_window,2021-05-12T16:01:44Z,0.39193820943803
center,2021-05-12T16:02:29Z,0.395348369572596
near_door,2021-05-12T16:03:14Z,0.387490138617741
near_window,2021-05-12T16:03:59Z,0.47473763749535
center,2021-05-12T16:04:44Z,16.3895436704453
near_door,2021-05-12T16:05:34Z,36.8149422209576
near_window,2021-05-12T16:06:19Z,36.7935249290479
center,2021-05-12T16:07:04Z,33.6469501962946
near_door,2021-05-12T16:07:49Z,32.5975405992236
near_window,2021-05-12T16:08:54Z,31.8413744514149
center,2021-05-12T16:09:39Z,29.4575544488757
near_door,2021-05-12T16:10:24Z,29.0654671809305
near_window,2021-05-12T16:11:09Z,28.628901325773
center,2021-05-12T16:11:54Z,27.5135958495801
near_door,2021-05-12T16:12:39Z,26.6272844606874
near_window,2021-05-12T16:13:29Z,26.0243273630322
center,2021-05-12T16:14:14Z,24.9535029878182
near_door,2021-05-12T16:14:59Z,23.7442957581883
near_window,2021-05-12T16:15:44Z,23.8167827334824
center,2021-05-12T16:16:34Z,22.4988450409113
near_door,2021-05-12T16:17:19Z,22.2665579192917
near_window,2021-05-12T16:18:19Z,21.5499282934495
center,2021-05-12T16:19:04Z,20.8151781806672
near_door,2021-05-12T16:19:49Z,20.1067874250402
near_window,2021-05-12T16:20:34Z,19.8267249112389
center,2021-05-12T16:21:19Z,18.9404122654629
near_door,2021-05-12T16:22:04Z,18.3835827859463
near_window,2021-05-12T16:22:49Z,18.2073086698402
center,2021-05-12T16:23:34Z,17.5911731504906
near_door,2021-05-12T16:24:19Z,17.1628436517817
near_window,2021-05-12T16:25:04Z,16.7625200273879
center,2021-05-12T16:25:49Z,16.0778516876942
near_door,2021-05-12T16:26:34Z,15.6903771815628
near_window,2021-05-12T16:27:19Z,15.3468898212625
center,2021-05-12T16:28:19Z,14.5637057094345
near_door,2021-05-12T16:29:04Z,14.2856202731082
near_window,2021-05-12T16:29:49Z,14.0044064541784
center,2021-05-12T16:30:34Z,13.4999651286573
near_door,2021-05-12T16:31:24Z,13.1839896875242
near_window,2021-05-12T16:32:09Z,12.8062359170519
center,2021-05-12T16:32:54Z,12.2512188632943
near_door,2021-05-12T16:33:39Z,12.0413382007634
near_window,2021-05-12T16:34:24Z,11.8528723163755
center,2021-05-12T16:35:09Z,11.3400299826899
near_door,2021-05-12T16:35:54Z,11.0481075178053
near_window,2021-05-12T16:36:39Z,10.9224091299358
center,2021-05-12T16:37:24Z,10.5659067427737
near_door,2021-05-12T16:38:29Z,10.092602187938
near_window,2021-05-12T16:39:14Z,9.90067736063131
center,2021-05-12T16:39:59Z,9.52951342944779
near_door,2021-05-12T16:40:44Z,9.32902168537729
near_window,2021-05-12T16:41:29Z,9.15455999503026
center,2021-05-12T16:42:14Z,8.87960545507403
near_door,2021-05-12T16:42:59Z,8.64534188442106
near_window,2021-05-12T16:43:44Z,8.37796509404951
center,2021-05-12T16:44:29Z,8.25704411970985
near_door,2021-05-12T16:45:14Z,7.95688404149333
near_window,2021-05-12T16:45:59Z,7.83744618948075
center,2021-05-12T16:46:44Z,7.59148606257715
near_door,2021-05-12T16:47:29Z,7.30384579919112
near_window,2021-05-12T16:48:29Z,7.20598926236245
center,2021-05-12T16:49:14Z,6.76415015320221
near_door,2021-05-12T16:49:59Z,6.83251832183033
near_window,2021-05-12T16:50:44Z,6.71209193108026
center,2021-05-12T16:51:29Z,6.39018588596384
near_door,2021-05-12T16:52:14Z,6.29908321169834
near_window,2021-05-12T16:52:59Z,6.22412520378136
center,2021-05-12T16:53:44Z,5.95411272907094
near_door,2021-05-12T16:54:29Z,5.81622382980289
near_window,2021-05-12T16:55:14Z,5.74867954819629
center,2021-05-12T16:55:59Z,5.54670531024038
near_door,2021-05-12T16:56:44Z,5.44094109195342
near_window,2021-05-12T16:57:29Z,5.35049765299347
center,2021-05-12T16:58:29Z,5.12595387533698
near_door,2021-05-12T16:59:14Z,5.00009083575151
near_window,2021-05-12T16:59:59Z,4.94094850497195
center,2021-05-12T17:00:44Z,4.7223356455196
near_door,2021-05-12T17:01:29Z,4.64490660497972
near_window,2021-05-12T17:02:14Z,4.60059109837925
center,2021-05-12T17:02:59Z,4.45479420343208
near_door,2021-05-12T17:03:44Z,4.37258774936236
near_window,2021-05-12T17:04:29Z,4.28692172393224
center,2021-05-12T17:05:14Z,4.22448447350826
near_door,2021-05-12T17:06:04Z,4.07077989710279
near_window,2021-05-12T17:06:49Z,4.00488307531841
center,2021-05-12T17:07:34Z,3.90389627056128
near_door,2021-05-12T17:08:39Z,3.76633636050435
near_window,2021-05-12T17:09:24Z,3.7192202036282
center,2021-05-12T17:10:09Z,3.55052415132767
near_door,2021-05-12T17:10:54Z,3.50192518634528
near_window,2021-05-12T17:11:44Z,3.44937238063375
center,2021-05-12T17:12:29Z,3.33602978432044
near_door,2021-05-12T17:13:14Z,3.26156635999304
near_window,2021-05-12T17:13:59Z,3.19468099947116
center,2021-05-12T17:14:44Z,3.08397408749673
near_door,2021-05-12T17:15:29Z,3.03488116736642
near_window,2021-05-12T17:16:14Z,2.98941215609166
center,2021-05-12T17:16:59Z,2.91956149357812
near_door,2021-05-12T17:17:44Z,2.83438973751675
near_window,2021-05-12T17:18:44Z,2.78150762837327
center,2021-05-12T17:19:34Z,2.70506712657089
near_door,2021-05-12T17:20:19Z,2.63472219468861
near_window,2021-05-12T17:21:04Z,2.60869292651721
center,2021-05-12T17:21:49Z,2.53983064563076
near_door,2021-05-12T17:22:34Z,2.46882679266376
near_window,2021-05-12T17:23:19Z,2.44115006467015
center,2021-05-12T17:24:04Z,2.36734556142748
near_door,2021-05-12T17:24:49Z,2.31924086581383
near_window,2021-05-12T17:25:34Z,2.29172894664661
center,2021-05-12T17:26:24Z,2.21512379312825
near_door,2021-05-12T17:27:09Z,2.17278504978194
near_window,2021-05-12T17:27:54Z,2.15186281279316
center,2021-05-12T17:28:54Z,2.06718532610054
near_door,2021-05-12T17:29:39Z,2.01314986939318
near_window,2021-05-12T17:30:24Z,2.01199667893971
center,2021-05-12T17:31:09Z,1.94857088977823
near_door,2021-05-12T17:31:54Z,1.89552381469794
near_window,2021-05-12T17:32:39Z,1.87213054508626
center,2021-05-12T17:33:24Z,1.81331751773864
near_door,2021-05-12T17:34:14Z,1.78102802793117
near_window,2021-05-12T17:34:59Z,1.76109417256947
center,2021-05-12T17:35:44Z,1.70541141315031
near_door,2021-05-12T17:36:29Z,1.64673020144172
near_window,2021-05-12T17:37:14Z,1.66669689288037
center,2021-05-12T17:37:59Z,1.6209480679547
near_door,2021-05-12T17:39:04Z,1.56081719843764
near_window,2021-05-12T17:39:49Z,1.55070195852408
center,2021-05-12T17:40:34Z,1.50549673563779
near_door,2021-05-12T17:41:24Z,1.46218595014766
near_window,2021-05-12T17:42:09Z,1.4635204460212
center,2021-05-12T17:42:54Z,1.41684891162234
near_door,2021-05-12T17:43:39Z,1.38821679518901
near_window,2021-05-12T17:44:24Z,1.37554803968415
center,2021-05-12T17:45:14Z,1.33787154793274
near_door,2021-05-12T17:45:59Z,1.30426405884541
near_window,2021-05-12T17:46:44Z,1.29548331480539
center,2021-05-12T17:47:29Z,1.25610995200594
near_door,2021-05-12T17:48:29Z,1.21784028987891
near_window,2021-05-12T17:49:14Z,1.21184369952089
center,2021-05-12T17:49:59Z,1.17225611666921
near_door,2021-05-12T17:50:44Z,1.14825318008822
near_window,2021-05-12T17:51:39Z,1.14377223391339
center,2021-05-12T17:52:24Z,1.11833605756241
near_door,2021-05-12T17:53:09Z,1.07756236962511
near_window,2021-05-12T17:53:54Z,1.0805770828426
center,2021-05-12T17:54:39Z,1.04693675767833
near_door,2021-05-12T17:55:24Z,1.02853504309349
near_window,2021-05-12T17:56:09Z,1.01616291205404
center,2021-05-12T17:56:54Z,0.993082527835824
near_door,2021-05-12T17:57:39Z,0.972127297659681
near_window,2021-05-12T17:58:39Z,0.963115915528963
center,2021-05-12T17:59:24Z,0.925241700319018
near_door,2021-05-12T18:00:09Z,0.909904188732707
near_window,2021-05-12T18:00:54Z,0.907070623824875
center,2021-05-12T18:01:39Z,0.879756349560987
near_door,2021-05-12T18:02:24Z,0.862343095158437
near_window,2021-05-12T18:03:09Z,0.86343037779239
center,2021-05-12T18:03:59Z,0.833694403576222
center,2021-05-13T10:06:08Z,0.0383734040985937
near_door,2021-05-13T10:07:15Z,0.0376551271896785
near_window,2021-05-13T10:08:03Z,0.0278908572163699
center,2021-05-13T10:08:53Z,0.0304048227152976
near_door,2021-05-13T10:09:53Z,0.0348265038953991
near_window,2021-05-13T10:10:48Z,0.0291840821475005
center,2021-05-13T10:11:28Z,1.23999812173435
near_door,2021-05-13T10:12:18Z,0.0442464614823354
near_window,2021-05-13T10:13:03Z,0.0410488177339168
center,2021-05-13T10:13:53Z,0.401723870976418
near_door,2021-05-13T10:14:38Z,0.048938323480958
near_window,2021-05-13T10:15:23Z,0.0486022495720249
center,2021-05-13T10:16:08Z,0.052677968706386
near_door,2021-05-13T10:16:53Z,0.060931553294013
near_window,2021-05-13T10:17:38Z,0.0600732492719844
center,2021-05-13T10:18:28Z,0.0613615301347114
near_door,2021-05-13T10:19:13Z,0.0606070122715546
near_window,2021-05-13T10:20:13Z,0.0633664456115362
center,2021-05-13T10:20:58Z,0.0670303096097449
near_door,2021-05-13T10:21:43Z,0.06655255647348
near_window,2021-05-13T10:22:33Z,0.0688111758139476
center,2021-05-13T10:23:18Z,0.0664734808372251
near_door,2021-05-13T10:24:08Z,0.0702872625402048
near_window,2021-05-13T10:24:53Z,0.0821849446718271
center,2021-05-13T10:25:38Z,0.0682774079046769
near_door,2021-05-13T10:26:23Z,0.066094574701129
near_window,2021-05-13T10:27:08Z,0.0600221785673823
center,2021-05-13T10:27:53Z,0.397127566478629
near_door,2021-05-13T10:28:43Z,0.0652016720196761
near_window,2021-05-13T10:29:28Z,0.0711093280628421
center,2021-05-13T10:30:33Z,0.091219407304596
near_door,2021-05-13T10:31:18Z,0.0722822947899229
near_window,2021-05-13T10:32:03Z,0.0690615803588543
center,2021-05-13T10:32:48Z,0.260160905352524
near_door,2021-05-13T10:33:33Z,0.0922819941450332
near_window,2021-05-13T10:34:18Z,0.0764601553334883
center,2021-05-13T10:35:08Z,0.425644442421816
near_door,2021-05-13T10:35:48Z,0.0841816265809132
near_window,2021-05-13T10:36:33Z,0.0756776276289784
center,2021-05-13T10:37:18Z,0.101776088209521
near_door,2021-05-13T10:38:03Z,0.0825819774221696
near_window,2021-05-13T10:38:48Z,0.0820152605128427
center,2021-05-13T10:39:48Z,0.282565832614735
near_door,2021-05-13T10:40:33Z,0.0874270466248983
near_window,2021-05-13T10:41:18Z,0.0869888263970603
center,2021-05-13T10:42:03Z,0.171381324614453
near_door,2021-05-13T10:42:48Z,0.0794601099912698
near_window,2021-05-13T10:43:33Z,0.0889163158969984
center,2021-05-13T10:44:18Z,0.0848356477845331
near_door,2021-05-13T10:45:13Z,0.0742460178795517
near_window,2021-05-13T10:45:58Z,0.0830976236268944
center,2021-05-13T10:46:43Z,0.176570701293854
near_door,2021-05-13T10:47:28Z,0.0878784346694777
near_window,2021-05-13T10:48:13Z,0.0943478684632674
center,2021-05-13T10:48:58Z,0.0955735457349174
near_door,2021-05-13T10:49:58Z,46.1657117585597
near_window,2021-05-13T10:50:48Z,23.8530237073627
center,2021-05-13T10:51:38Z,24.9765667968875
near_door,2021-05-13T10:52:23Z,24.4872822274192
near_window,2021-05-13T10:53:08Z,23.2648953192116
center,2021-05-13T10:53:58Z,22.8579818555289
near_door,2021-05-13T10:54:43Z,21.7673892193317
near_window,2021-05-13T10:55:33Z,20.2649397973227
center,2021-05-13T10:56:13Z,21.5977049425145
near_door,2021-05-13T10:56:58Z,19.3703895382148
near_window,2021-05-13T10:57:43Z,18.152944695253
center,2021-05-13T10:58:33Z,17.9931445489274
near_door,2021-05-13T10:59:23Z,17.0705884155044
near_window,2021-05-13T11:00:28Z,15.6381549361665
center,2021-05-13T11:01:13Z,31.586023520726
near_door,2021-05-13T11:01:58Z,14.7712812479418
near_window,2021-05-13T11:02:43Z,14.1475667221242
center,2021-05-13T11:03:28Z,13.8513607988576
near_door,2021-05-13T11:04:13Z,13.0329211096785
near_window,2021-05-13T11:04:58Z,12.5311167253797
center,2021-05-13T11:05:43Z,12.3301310261612
near_door,2021-05-13T11:06:28Z,11.6362371628398
near_window,2021-05-13T11:07:18Z,11.1370672059965
center,2021-05-13T11:08:08Z,10.735097064443
near_door,2021-05-13T11:08:53Z,10.3731580284456
near_window,2021-05-13T11:09:58Z,9.62473428193758
center,2021-05-13T11:10:43Z,9.73346411643703
near_door,2021-05-13T11:11:28Z,9.30118046277813
near_window,2021-05-13T11:12:13Z,8.96312975131318
center,2021-05-13T11:12:58Z,19.5203042971654
near_door,2021-05-13T11:13:48Z,8.49954467525306
near_window,2021-05-13T11:14:33Z,8.0255815135534
center,2021-05-13T11:15:18Z,7.94057472342883
near_door,2021-05-13T11:16:03Z,7.70845288196683
near_window,2021-05-13T11:16:48Z,7.39923193183854
center,2021-05-13T11:17:33Z,7.97599432405435
near_door,2021-05-13T11:18:18Z,7.03317471761681
near_window,2021-05-13T11:19:03Z,6.63828711361675
center,2021-05-13T11:20:03Z,6.80764271544365
near_door,2021-05-13T11:20:48Z,6.39578718651521
near_window,2021-05-13T11:21:38Z,6.11094788762569
center,2021-05-13T11:22:23Z,6.91752574039656
near_door,2021-05-13T11:23:08Z,5.90436088785591
near_window,2021-05-13T11:23:58Z,5.55774325962713
center,2021-05-13T11:24:43Z,5.6264407316872
near_door,2021-05-13T11:25:28Z,5.39118862229673
near_window,2021-05-13T11:26:13Z,5.18855609169777
center,2021-05-13T11:26:58Z,5.18839112576097
near_door,2021-05-13T11:27:43Z,4.96137631548157
near_window,2021-05-13T11:28:33Z,4.70289605952664
center,2021-05-13T11:29:18Z,4.89547949369719
near_door,2021-05-13T11:30:23Z,4.5325525474039
near_window,2021-05-13T11:31:08Z,4.20949299761319
center,2021-05-13T11:31:53Z,4.32942543321536
near_door,2021-05-13T11:32:38Z,4.15051531854961
near_window,2021-05-13T11:33:28Z,3.91361606355776
center,2021-05-13T11:34:13Z,4.12613335309001
near_door,2021-05-13T11:35:03Z,3.88297387646209
near_window,2021-05-13T11:35:53Z,3.7167491710053
center,2021-05-13T11:36:43Z,5.17109326895897
near_door,2021-05-13T11:37:33Z,3.56848092921439
near_window,2021-05-13T11:38:28Z,3.4012676850201
center,2021-05-13T11:39:13Z,3.3953370810368
near_door,2021-05-13T11:40:13Z,3.26865015442981
near_window,2021-05-13T11:40:58Z,3.08908111867934
center,2021-05-13T11:41:43Z,7.67731673972323
near_door,2021-05-13T11:42:38Z,3.02417283563245
near_window,2021-05-13T11:43:28Z,2.91083023931914
center,2021-05-13T11:44:18Z,6.327912973035
near_door,2021-05-13T11:45:08Z,2.79336883633988
near_window,2021-05-13T11:45:58Z,2.64806621076146
center,2021-05-13T11:46:43Z,2.83356616471606
near_door,2021-05-13T11:47:28Z,2.5732733258917
near_window,2021-05-13T11:48:18Z,2.50276374229345
center,2021-05-13T11:49:03Z,3.64310931947859
near_door,2021-05-13T11:50:03Z,2.3956812105058
near_window,2021-05-13T11:50:48Z,2.27756104355224
center,2021-05-13T11:51:33Z,2.34065737217136
near_door,2021-05-13T11:52:18Z,2.24345944220658
near_window,2021-05-13T11:53:03Z,2.13687117978768
center,2021-05-13T11:53:48Z,3.46386958716006
near_door,2021-05-13T11:54:38Z,2.11018299053157
near_window,2021-05-13T11:55:28Z,2.03506048800904
center,2021-05-13T11:56:13Z,2.74921798145538
near_door,2021-05-13T11:57:08Z,1.97081112604686
near_window,2021-05-13T11:57:53Z,1.90886798788121
center,2021-05-13T11:58:38Z,1.8864630998966
near_door,2021-05-13T11:59:28Z,1.84132370627461
near_window,2021-05-13T12:00:33Z,1.7937131229193
center,2021-05-13T12:01:23Z,3.94013944398749
near_door,2021-05-13T12:02:08Z,1.72534511140159
near_window,2021-05-13T12:02:53Z,1.63737286217496
center,2021-05-13T12:03:43Z,1.72172088832522
near_door,2021-05-13T12:04:28Z,1.59890547658939
near_window,2021-05-13T12:05:13Z,1.57748897023186
center,2021-05-13T12:05:58Z,1.5454302756255
near_door,2021-05-13T12:06:43Z,1.52366781213193
near_window,2021-05-13T12:07:28Z,1.47913800692403
center,2021-05-13T12:08:13Z,1.47538181109822
near_door,2021-05-13T12:08:58Z,1.42599210939208
near_window,2021-05-13T12:09:58Z,1.37479029614776
center,2021-05-13T12:10:48Z,1.45401479452173
near_door,2021-05-13T12:11:28Z,1.34937045928004
near_window,2021-05-13T12:12:13Z,1.31460993684967
center,2021-05-13T12:13:03Z,1.32899182433063
near_door,2021-05-13T12:13:48Z,1.2614805359114
near_window,2021-05-13T12:14:33Z,1.22125045001348
center,2021-05-13T12:15:23Z,1.26246899609368
near_door,2021-05-13T12:16:08Z,1.21248620256713
near_window,2021-05-13T12:16:53Z,1.17579809244281
center,2021-05-13T12:17:38Z,4.42744693598083
near_door,2021-05-13T12:18:23Z,1.17009804799499
near_window,2021-05-13T12:19:13Z,1.12373955610002
center,2021-05-13T12:20:13Z,1.1152553579702
near_door,2021-05-13T12:20:58Z,1.0826858188462
near_window,2021-05-13T12:21:43Z,1.0738061737993
center,2021-05-13T12:22:28Z,2.97227895100563
near_door,2021-05-13T12:23:13Z,1.0348446759554
near_window,2021-05-13T12:23:58Z,1.01466376446453
center,2021-05-13T12:24:48Z,1.53037281335571
near_door,2021-05-13T12:25:38Z,0.972868623157594
near_window,2021-05-13T12:26:23Z,0.957086331983577
center,2021-05-13T12:27:08Z,0.960134116943631
near_door,2021-05-13T12:27:53Z,0.926905578179704
near_window,2021-05-13T12:28:38Z,0.914236901230046
center,2021-05-13T12:29:28Z,0.980463262111999
near_door,2021-05-13T12:30:33Z,0.89479731523709
near_window,2021-05-13T12:31:18Z,0.856610057523258
center,2021-05-13T12:32:03Z,0.936971328312222
near_door,2021-05-13T12:32:48Z,0.851634841979672
near_window,2021-05-13T12:33:33Z,0.840728943897575
center,2021-05-13T12:34:18Z,5.28558905572575
near_door,2021-05-13T12:35:08Z,0.83471585694587
near_window,2021-05-13T12:35:58Z,0.812953393452301
center,2021-05-13T12:36:43Z,1.85763318144953
near_door,2021-05-13T12:37:28Z,0.784271787237933
near_window,2021-05-13T12:38:13Z,0.76801172328885
center,2021-05-13T12:38:58Z,1.72847522221963
near_door,2021-05-13T12:39:58Z,0.74952760429082
near_window,2021-05-13T12:40:43Z,0.739659577616842
center,2021-05-13T12:41:28Z,0.734091270252843
near_door,2021-05-13T12:42:13Z,0.715426002945161
near_window,2021-05-13T12:42:58Z,0.711587481261361
center,2021-05-13T12:43:48Z,0.703811693997303
near_door,2021-05-13T12:44:38Z,0.679841672048468
near_window,2021-05-13T12:45:23Z,0.681637365548181
center,2021-05-13T12:46:13Z,0.679693438370968
near_door,2021-05-13T12:46:58Z,0.665163160102084
near_window,2021-05-13T12:47:53Z,0.63583905084147
center,2021-05-13T12:48:38Z,4.27044775415177
near_door,2021-05-13T12:49:23Z,0.655954054512826
near_window,2021-05-13T12:50:23Z,0.620979272752623
center,2021-05-13T12:51:08Z,1.92880184324291
near_door,2021-05-13T12:51:58Z,0.612346801667702
near_window,2021-05-13T12:52:43Z,0.616037011118794
center,2021-05-13T12:53:33Z,0.86519315665995
near_door,2021-05-13T12:54:23Z,0.582544919632021
near_window,2021-05-13T12:55:08Z,0.585016070087737
center,2021-05-13T12:55:53Z,0.766380760060317
near_door,2021-05-13T12:56:38Z,0.57043638059302
near_window,2021-05-13T12:57:23Z,0.561144909868172
center,2021-05-13T12:58:08Z,1.43890784247091
near_door,2021-05-13T12:58:53Z,0.545049615467872
near_window,2021-05-13T12:59:58Z,0.54178772828841
center,2021-05-13T13:00:43Z,1.0607257104493
near_door,2021-05-13T13:01:28Z,0.533122264016128
near_window,2021-05-13T13:02:13Z,0.515132414386845
center,2021-05-13T13:02:58Z,0.511952892342972
near_door,2021-05-13T13:03:43Z,0.500140899214178
near_window,2021-05-13T13:04:28Z,0.508641593937676
center,2021-05-13T13:05:13Z,0.558212522508673
near_door,2021-05-13T13:05:58Z,0.493897134894175
near_window,2021-05-13T13:06:48Z,0.48944910335149
center,2021-05-13T13:07:33Z,0.56913491718445
near_door,2021-05-13T13:08:28Z,0.476731015175999
near_window,2021-05-13T13:09:13Z,0.478048935900645
center,2021-05-13T13:10:13Z,0.468197366542744
near_door,2021-05-13T13:10:58Z,0.465643850951438
near_window,2021-05-13T13:11:48Z,0.461690049499896
center,2021-05-13T13:12:38Z,0.497752113894052
near_door,2021-05-13T13:13:23Z,0.443238923689226
near_window,2021-05-13T13:14:08Z,0.445858307822442
center,2021-05-13T13:14:53Z,0.497883929533079
near_door,2021-05-13T13:15:38Z,0.429169921601729
near_window,2021-05-13T13:16:23Z,0.423815795012346
center,2021-05-13T13:17:08Z,0.891634289786898
near_door,2021-05-13T13:17:53Z,0.419104171469211
near_window,2021-05-13T13:18:43Z,0.412168532154732
center,2021-05-13T13:19:28Z,0.824353560903145
near_door,2021-05-13T13:20:28Z,0.405199938930497
near_window,2021-05-13T13:21:13Z,0.403914972115608
center,2021-05-13T13:21:58Z,0.422366097926277
near_door,2021-05-13T13:22:48Z,0.400933134252672
near_window,2021-05-13T13:23:38Z,0.376930197671683
center,2021-05-13T13:24:23Z,0.382465511848322
near_door,2021-05-13T13:25:08Z,0.377374977259389
near_window,2021-05-13T13:25:58Z,0.377325566033556
center,2021-05-13T13:26:43Z,0.380653361032532
near_door,2021-05-13T13:27:28Z,0.370307561583488
center,2021-05-13T13:39:07Z,0.364887527174592
near_door,2021-05-13T13:40:10Z,0.30903991965144
near_window,2021-05-13T13:40:57Z,0.307112430151502
center,2021-05-13T13:41:42Z,0.30885869278658
near_door,2021-05-13T13:42:27Z,0.317540614374938
near_window,2021-05-13T13:43:17Z,0.308545689560297
center,2021-05-13T13:44:07Z,0.298348143427554
near_door,2021-05-13T13:44:47Z,0.300160313882145
near_window,2021-05-13T13:45:32Z,0.286816199615287
center,2021-05-13T13:46:22Z,0.281462073025904
near_door,2021-05-13T13:47:07Z,0.285712420387653
near_window,2021-05-13T13:47:52Z,0.281083161980108
center,2021-05-13T13:48:37Z,0.389483555575994
near_door,2021-05-13T13:49:22Z,0.273801545890787
near_window,2021-05-13T13:50:22Z,0.2634887003515
center,2021-05-13T13:51:07Z,1.86768243498836
near_door,2021-05-13T13:51:52Z,0.280885477799171
near_window,2021-05-13T13:52:37Z,0.26062218153391
center,2021-05-13T13:53:27Z,0.258661738124215
near_door,2021-05-13T13:54:17Z,0.266865906576309
near_window,2021-05-13T13:54:57Z,0.255136258944303
center,2021-05-13T13:55:47Z,0.257689774535609
near_door,2021-05-13T13:56:37Z,0.251660210629025
near_window,2021-05-13T13:57:27Z,0.238200757678018
center,2021-05-13T13:58:27Z,0.246355495265476
near_door,2021-05-13T13:59:17Z,0.235877899816207
near_window,2021-05-13T14:00:17Z,0.243752568448337
center,2021-05-13T14:01:12Z,0.480437721220772
near_door,2021-05-13T14:01:57Z,0.22701477100179
near_window,2021-05-13T14:02:47Z,0.23923864872494
center,2021-05-13T14:03:37Z,0.234345798316944
near_door,2021-05-13T14:04:22Z,0.223901137138629
near_window,2021-05-13T14:05:07Z,0.214214298051908
center,2021-05-13T14:05:52Z,0.219024763685512
near_door,2021-05-13T14:06:42Z,0.222220762684263
near_window,2021-05-13T14:07:32Z,0.206833839872119
center,2021-05-13T14:08:22Z,0.235169508589249
near_door,2021-05-13T14:09:07Z,0.21350590682495
near_window,2021-05-13T14:10:07Z,0.209041398327386
center,2021-05-13T14:10:52Z,0.401377913840378
near_door,2021-05-13T14:11:42Z,0.215960560686986
near_window,2021-05-13T14:12:32Z,0.198580260194193
center,2021-05-13T14:13:27Z,0.342597918957727
near_door,2021-05-13T14:14:12Z,0.2063231524649
near_window,2021-05-13T14:14:57Z,0.18742720778892
center,2021-05-13T14:15:42Z,0.386106310073581
near_door,2021-05-13T14:16:27Z,1.25640649791614
near_window,2021-05-13T14:17:12Z,33.6963708487527
center,2021-05-13T14:18:02Z,30.5497961159993
near_door,2021-05-13T14:18:52Z,28.673382426752
near_window,2021-05-13T14:19:42Z,27.3966302870738
center,2021-05-13T14:20:47Z,26.0968143383263
near_door,2021-05-13T14:21:32Z,24.9749202797278
near_window,2021-05-13T14:22:22Z,23.3884519778901
center,2021-05-13T14:23:07Z,22.6191061515038
near_door,2021-05-13T14:23:52Z,21.9683749185501
near_window,2021-05-13T14:24:47Z,20.8151781806672
center,2021-05-13T14:25:32Z,20.2995355109267
near_door,2021-05-13T14:26:17Z,19.3374403417705
near_window,2021-05-13T14:27:07Z,18.223783896504
center,2021-05-13T14:27:52Z,20.2978877368837
near_door,2021-05-13T14:28:42Z,17.2353306270757
near_window,2021-05-13T14:29:27Z,16.0910313662719
center,2021-05-13T14:30:32Z,15.1959858951327
near_door,2021-05-13T14:31:17Z,14.9239963429473
near_window,2021-05-13T14:32:07Z,13.5251706669176
center,2021-05-13T14:32:52Z,13.9424634731231
near_door,2021-05-13T14:33:37Z,13.2564766628183
near_window,2021-05-13T14:34:22Z,12.5024509873173
center,2021-05-13T14:35:12Z,13.0446176659291
near_door,2021-05-13T14:36:02Z,11.7596291698024
near_window,2021-05-13T14:36:52Z,11.0411883750845
center,2021-05-13T14:37:42Z,12.227990402509
near_door,2021-05-13T14:38:27Z,10.4598125926132
near_window,2021-05-13T14:39:12Z,9.98173062424756
center,2021-05-13T14:40:12Z,9.74170110132726
near_door,2021-05-13T14:40:57Z,9.22803488062016
near_window,2021-05-13T14:41:42Z,8.83150075946039
center,2021-05-13T14:42:27Z,8.63825808998429
near_door,2021-05-13T14:43:12Z,8.34534645792051
near_window,2021-05-13T14:43:57Z,7.90861469416372
center,2021-05-13T14:44:42Z,7.72311505442995
near_door,2021-05-13T14:45:27Z,7.5188344355671
near_window,2021-05-13T14:46:17Z,7.15607214098979
center,2021-05-13T14:47:02Z,7.75309800622007
near_door,2021-05-13T14:47:47Z,6.7369681659086
near_window,2021-05-13T14:48:32Z,6.39809356742214
center,2021-05-13T14:49:17Z,6.29595294376988
near_door,2021-05-13T14:50:17Z,6.05658265615514
near_window,2021-05-13T14:51:07Z,5.71210675711731
center,2021-05-13T14:51:52Z,5.70008026899307
near_door,2021-05-13T14:52:37Z,5.48970502287262
near_window,2021-05-13T14:53:22Z,5.21194920419904
center,2021-05-13T14:54:07Z,5.17043434787425
near_door,2021-05-13T14:54:52Z,4.9681308064864
near_window,2021-05-13T14:55:37Z,4.77307602547212
center,2021-05-13T14:56:27Z,6.9232916926639
near_door,2021-05-13T14:57:12Z,4.49630905975687
near_window,2021-05-13T14:57:57Z,4.32959008493133
center,2021-05-13T14:58:42Z,5.04572449874225
near_door,2021-05-13T14:59:47Z,4.09483255913045
near_window,2021-05-13T15:00:37Z,3.9114743343668
center,2021-05-13T15:01:22Z,3.92943111225351
near_door,2021-05-13T15:02:07Z,3.7470617404482
near_window,2021-05-13T15:02:52Z,3.55348945331933
center,2021-05-13T15:03:37Z,3.56139713477762
near_door,2021-05-13T15:04:27Z,3.41741235136863
near_window,2021-05-13T15:05:17Z,3.21527377591758
center,2021-05-13T15:06:02Z,3.24229142571606
near_door,2021-05-13T15:06:47Z,3.16436843002826
near_window,2021-05-13T15:07:32Z,3.05465005679132
center,2021-05-13T15:08:17Z,3.88890479466622
near_door,2021-05-13T15:09:02Z,2.9058878598525
near_window,2021-05-13T15:10:02Z,2.76816329807959
center,2021-05-13T15:10:47Z,2.72088248948747
near_door,2021-05-13T15:11:37Z,2.66783541440719
near_window,2021-05-13T15:12:22Z,2.59501929279159
center,2021-05-13T15:13:07Z,2.54905616925849
near_door,2021-05-13T15:13:57Z,2.47129798239708
near_window,2021-05-13T15:14:42Z,2.37591216397049
center,2021-05-13T15:15:27Z,2.33835099126443
near_door,2021-05-13T15:16:12Z,2.31726394544926
near_window,2021-05-13T15:16:57Z,2.21018157077203
center,2021-05-13T15:17:42Z,2.32632481736102
near_door,2021-05-13T15:18:27Z,2.14313140142376
near_window,2021-05-13T15:19:12Z,2.05779499364642
center,2021-05-13T15:20:12Z,2.52253278882877
near_door,2021-05-13T15:20:57Z,1.9912390936669
near_window,2021-05-13T15:21:47Z,1.95120673122752
center,2021-05-13T15:22:37Z,3.99878781961913
near_door,2021-05-13T15:23:22Z,1.88382725844731
near_window,2021-05-13T15:24:07Z,1.83456921526978
center,2021-05-13T15:24:52Z,3.12137076559723
near_door,2021-05-13T15:25:37Z,1.76142379022224
near_window,2021-05-13T15:26:22Z,1.67806414569906
center,2021-05-13T15:27:07Z,2.39584601933219
near_door,2021-05-13T15:27:52Z,1.67279246280047
near_window,2021-05-13T15:28:37Z,1.61417708035619
center,2021-05-13T15:29:22Z,1.8205661210018
near_door,2021-05-13T15:30:27Z,1.56175609028368
near_window,2021-05-13T15:31:12Z,1.52139426730194
center,2021-05-13T15:32:02Z,1.50002725072545
near_door,2021-05-13T15:32:52Z,1.47444276214176
near_window,2021-05-13T15:33:37Z,1.44480561037726
center,2021-05-13T15:34:27Z,1.43368549224295
near_door,2021-05-13T15:35:12Z,1.39096795568365
near_window,2021-05-13T15:36:02Z,1.36714624596752
center,2021-05-13T15:36:52Z,4.44622760088907
near_door,2021-05-13T15:37:37Z,1.34161109005446
near_window,2021-05-13T15:38:22Z,1.29709778144024
center,2021-05-13T15:39:07Z,2.62549667106088
near_door,2021-05-13T15:40:07Z,1.27978342804457
near_window,2021-05-13T15:40:52Z,1.23360616301445
center,2021-05-13T15:41:37Z,4.66385192160393
near_door,2021-05-13T15:42:32Z,1.21696722729718
near_window,2021-05-13T15:43:17Z,1.19095437716426
center,2021-05-13T15:44:02Z,1.93292033568803
near_door,2021-05-13T15:44:47Z,1.14736362091281
near_window,2021-05-13T15:45:32Z,1.11673800896602
center,2021-05-13T15:46:17Z,1.12988445869075
near_door,2021-05-13T15:47:12Z,1.09752906106376
near_window,2021-05-13T15:47:57Z,1.08514051198584
center,2021-05-13T15:48:42Z,1.39548189504585
near_door,2021-05-13T15:49:27Z,1.05332871639822
near_window,2021-05-13T15:50:27Z,1.01820574023813
center,2021-05-13T15:51:12Z,1.04047889113891
near_door,2021-05-13T15:51:57Z,1.00377428442091
near_window,2021-05-13T15:52:42Z,0.983560458297886
center,2021-05-13T15:53:32Z,1.50546374245043
near_door,2021-05-13T15:54:17Z,0.967234486529289
near_window,2021-05-13T15:55:07Z,0.951880478349299
center,2021-05-13T15:55:52Z,1.7729556947569
near_door,2021-05-13T15:56:37Z,0.932259665491482
near_window,2021-05-13T15:57:22Z,0.930628780818157
center,2021-05-13T15:58:07Z,0.918569613727385
near_door,2021-05-13T15:58:57Z,0.897202597150897
near_window,2021-05-13T16:00:02Z,0.870497832745895
center,2021-05-13T16:00:52Z,0.92926137031247
near_door,2021-05-13T16:01:32Z,0.864056462800164
near_window,2021-05-13T16:02:17Z,0.851997295709392
center,2021-05-13T16:03:02Z,0.842392821758261
near_door,2021-05-13T16:03:57Z,0.836692777310443
near_window,2021-05-13T16:04:42Z,0.809312595227041
center,2021-05-13T16:05:32Z,0.846972668939974
near_door,2021-05-13T16:06:17Z,0.808587687767601
near_window,2021-05-13T16:07:02Z,0.779378897552333
center,2021-05-13T16:07:52Z,0.78002140059858
near_door,2021-05-13T16:08:37Z,0.770795876970849
near_window,2021-05-13T16:09:22Z,0.752954261019066
center,2021-05-13T16:10:22Z,0.753086076658093
near_door,2021-05-13T16:11:07Z,0.750153689298594
near_window,2021-05-13T16:11:52Z,0.734305490305064
center,2021-05-13T16:12:42Z,0.763020011151584
near_door,2021-05-13T16:13:32Z,0.726150752717605
near_window,2021-05-13T16:14:22Z,0.698556429137191
center,2021-05-13T16:15:12Z,0.831437433895123
near_door,2021-05-13T16:15:57Z,0.685195837915454
near_window,2021-05-13T16:16:47Z,0.688045820861759
center,2021-05-13T16:17:37Z,0.690862967731119
near_door,2021-05-13T16:18:22Z,0.673433216734889
near_window,2021-05-13T16:19:07Z,0.663812246190077
center,2021-05-13T16:20:07Z,0.941847721404141
near_door,2021-05-13T16:20:52Z,0.650056286606467
near_window,2021-05-13T16:21:42Z,0.638277208109826
center,2021-05-13T16:22:32Z,0.661687092148005
near_door,2021-05-13T16:23:22Z,0.626020396115722
near_window,2021-05-13T16:24:07Z,0.61867289184569
center,2021-05-13T16:24:52Z,0.619348348801694
near_door,2021-05-13T16:25:42Z,0.613747126805542
near_window,2021-05-13T16:26:27Z,0.595674872763065
center,2021-05-13T16:27:17Z,0.591441021994996
near_door,2021-05-13T16:28:02Z,0.586498760361167
near_window,2021-05-13T16:28:47Z,0.565345846004088
center,2021-05-13T16:29:52Z,1.02044621332554
near_door,2021-05-13T16:30:37Z,0.566136622005438
near_window,2021-05-13T16:31:27Z,0.561606186049558
center,2021-05-13T16:32:12Z,0.56982683145653
near_door,2021-05-13T16:33:02Z,0.548624505873618
near_window,2021-05-13T16:33:47Z,0.546960628012932
center,2021-05-13T16:34:32Z,0.665887989006317
near_door,2021-05-13T16:35:22Z,0.539563673239463
near_window,2021-05-13T16:36:12Z,0.526219578611406
center,2021-05-13T16:37:02Z,0.532282076788944
near_door,2021-05-13T16:37:52Z,0.514868822386395
near_window,2021-05-13T16:38:37Z,0.510915020934852
center,2021-05-13T16:39:22Z,0.838027194628769
near_door,2021-05-13T16:40:22Z,0.50511607548016
near_window,2021-05-13T16:41:07Z,0.499761988168381
center,2021-05-13T16:41:52Z,0.495281002715939
near_door,2021-05-13T16:42:37Z,0.491129477805856
near_window,2021-05-13T16:43:22Z,0.482546417946768
center,2021-05-13T16:44:12Z,0.48771931767129
near_door,2021-05-13T16:45:02Z,0.481689734125905
near_window,2021-05-13T16:45:47Z,0.464309433633112
center,2021-05-13T16:46:32Z,1.13112005355741
near_door,2021-05-13T16:47:17Z,0.462793828727529
near_window,2021-05-13T16:48:07Z,0.447703451825592
center,2021-05-13T16:48:52Z,0.642445190335985
near_door,2021-05-13T16:49:52Z,0.442728236282006
near_window,2021-05-13T16:50:42Z,0.435940830645027
center,2021-05-13T16:51:32Z,0.762591728157558
near_door,2021-05-13T16:52:17Z,0.433634449738095
near_window,2021-05-13T16:53:02Z,0.426534040874833
center,2021-05-13T16:53:52Z,0.425940988332023
near_door,2021-05-13T16:54:37Z,0.417918027105988
near_window,2021-05-13T16:55:27Z,0.411740209883103
center,2021-05-13T16:56:12Z,0.424293567787413
near_door,2021-05-13T16:56:57Z,0.404540978568174
near_window,2021-05-13T16:57:42Z,0.403618426205401
center,2021-05-13T16:58:32Z,0.396254425341689
near_door,2021-05-13T16:59:17Z,0.413914814428612
near_window,2021-05-13T17:00:22Z,0.397144063072309
center,2021-05-13T17:01:12Z,0.382926788029708
near_door,2021-05-13T17:01:57Z,0.382729103848772
near_window,2021-05-13T17:02:42Z,0.375694602805023
center,2021-05-13T17:03:32Z,0.375233326623637
near_door,2021-05-13T17:04:17Z,0.369698012446998
near_window,2021-05-13T17:05:07Z,0.37198789676025
center,2021-05-13T17:05:52Z,0.452085575548764
near_door,2021-05-13T17:06:37Z,0.363190695404149
near_window,2021-05-13T17:07:22Z,0.35571137549509
center,2021-05-13T17:08:12Z,0.373767132943887
near_door,2021-05-13T17:08:57Z,0.35553014863023
near_window,2021-05-13T17:09:57Z,0.350851478996851
center,2021-05-13T17:10:42Z,0.414161909835382
near_door,2021-05-13T17:11:27Z,0.350027788363349
near_window,2021-05-13T17:12:12Z,0.337902752730668
center,2021-05-13T17:12:57Z,0.341560008272003
near_door,2021-05-13T17:13:47Z,0.328397120870004
near_window,2021-05-13T17:14:32Z,0.338693528732018
center,2021-05-13T17:15:22Z,3.10604967204939
near_door,2021-05-13T17:16:12Z,0.329978653233903
near_window,2021-05-13T17:17:02Z,0.32826532486978
center,2021-05-13T17:17:47Z,0.401064910614095
near_door,2021-05-13T17:18:32Z,0.318298436466532
near_window,2021-05-13T17:19:17Z,0.305497963516649
center,2021-05-13T17:20:17Z,0.315135371738735
near_door,2021-05-13T17:21:02Z,0.306733519105706
near_window,2021-05-13T17:21:52Z,0.302054849472327
center,2021-05-13T17:22:37Z,0.307112430151502
near_door,2021-05-13T17:23:22Z,0.312730148741335
near_window,2021-05-13T17:24:07Z,0.290572316885892
center,2021-05-13T17:24:52Z,0.378445802577266
near_door,2021-05-13T17:25:37Z,0.284938121341182
near_window,2021-05-13T17:26:22Z,0.286964452931588
center,2021-05-13T17:27:07Z,1.4906699114587
near_door,2021-05-13T17:27:57Z,0.280671297024554
near_window,2021-05-13T17:28:42Z,0.287969390068753
center,2021-05-13T17:29:27Z,0.282516421388902
near_door,2021-05-13T17:30:32Z,0.279172149435048
near_window,2021-05-13T17:31:17Z,0.280984319889639
center,2021-05-13T17:32:02Z,2.64559517813855
near_door,2021-05-13T17:32:52Z,0.290852366202419
near_window,2021-05-13T17:33:37Z,0.270374908801343
center,2021-05-13T17:34:27Z,0.275564305119546
near_door,2021-05-13T17:35:17Z,0.26745897875792
near_window,2021-05-13T17:36:02Z,0.266322265259332
center,2021-05-13T17:36:47Z,0.265926877258657
near_door,2021-05-13T17:37:32Z,0.253752430400143
near_window,2021-05-13T17:38:17Z,0.263010947215235
center,2021-05-13T17:39:02Z,1.43067085758067
near_door,2021-05-13T17:40:02Z,0.261132888579932
center,2021-05-14T09:52:23Z,0.0418955937791711
near_door,2021-05-14T09:53:26Z,0.0188481561061618
near_window,2021-05-14T09:54:23Z,0.0313768010330053
center,2021-05-14T09:55:08Z,0.0178003965612349
near_door,2021-05-14T09:55:53Z,0.0269781856258533
near_window,2021-05-14T09:56:38Z,0.0264048823533055
center,2021-05-14T09:57:23Z,0.0291066537157635
near_door,2021-05-14T09:58:08Z,0.02189588705951
near_window,2021-05-14T09:58:53Z,0.0255959969216608
center,2021-05-14T09:59:38Z,0.053249624774416
near_door,2021-05-14T10:00:23Z,0.035467349917727
near_window,2021-05-14T10:01:08Z,0.0314954169422378
center,2021-05-14T10:01:53Z,0.0327540456687943
near_door,2021-05-14T10:02:38Z,0.0268150902849401
near_window,2021-05-14T10:03:23Z,0.0279238037615759
center,2021-05-14T10:04:28Z,0.0381740653485886
near_door,2021-05-14T10:05:13Z,0.0352564807360975
near_window,2021-05-14T10:05:59Z,0.0353108458497352
center,2021-05-14T10:06:43Z,0.0351592833952967
near_door,2021-05-14T10:07:28Z,0.0309237608742077
near_window,2021-05-14T10:08:13Z,0.0296931370793039
center,2021-05-14T10:08:58Z,0.0350159569634472
near_door,2021-05-14T10:09:48Z,0.0229337633773302
near_window,2021-05-14T10:10:33Z,0.0297738599200765
center,2021-05-14T10:11:18Z,0.0274411090117577
near_door,2021-05-14T10:12:03Z,0.0262286069213997
near_window,2021-05-14T10:12:48Z,0.035694696054235
center,2021-05-14T10:13:48Z,0.0271577530119444
near_door,2021-05-14T10:14:33Z,0.0341032853729306
near_window,2021-05-14T10:15:18Z,0.029665129692801
center,2021-05-14T10:16:03Z,31.3883333695936
near_door,2021-05-14T10:16:53Z,27.1808183921179
near_window,2021-05-14T10:17:38Z,25.413132652045
center,2021-05-14T10:18:23Z,24.8348883943855
near_door,2021-05-14T10:19:08Z,23.7723016325034
near_window,2021-05-14T10:19:53Z,22.2731465016972
center,2021-05-14T10:20:38Z,21.8102212893843
near_door,2021-05-14T10:21:23Z,21.2369190969706
near_window,2021-05-14T10:22:08Z,19.6553928603786
center,2021-05-14T10:22:53Z,19.9420452134688
near_door,2021-05-14T10:23:53Z,19.1743459042422
near_window,2021-05-14T10:24:38Z,18.1562389864558
center,2021-05-14T10:25:23Z,18.0903418504505
near_door,2021-05-14T10:26:08Z,17.4247831648762
near_window,2021-05-14T10:26:53Z,16.7295720878269
center,2021-05-14T10:27:38Z,16.6356690775066
near_door,2021-05-14T10:28:23Z,16.0122838551209
near_window,2021-05-14T10:29:08Z,15.3915355739574
center,2021-05-14T10:29:53Z,15.0984592901776
near_door,2021-05-14T10:30:43Z,14.4900661721287
near_window,2021-05-14T10:31:28Z,13.9386739698891
center,2021-05-14T10:32:13Z,13.6815106134411
near_door,2021-05-14T10:32:58Z,13.3032628878209
near_window,2021-05-14T10:34:03Z,12.333425317364
center,2021-05-14T10:34:48Z,12.3617617519944
near_door,2021-05-14T10:35:33Z,11.9670387997103
near_window,2021-05-14T10:36:18Z,11.4670468411705
center,2021-05-14T10:37:03Z,11.260788516391
near_door,2021-05-14T10:37:48Z,10.8822114873388
near_window,2021-05-14T10:38:38Z,10.3528945554311
center,2021-05-14T10:39:33Z,10.2337860068504
near_door,2021-05-14T10:40:18Z,9.85537362951418
near_window,2021-05-14T10:41:03Z,9.39327167578112
center,2021-05-14T10:41:48Z,9.3176544325586
near_door,2021-05-14T10:42:33Z,8.97861518235616
near_window,2021-05-14T10:43:18Z,8.57054852822006
center,2021-05-14T10:44:18Z,8.46247792902616
near_door,2021-05-14T10:45:03Z,8.17533224922972
near_window,2021-05-14T10:45:48Z,7.8323388440773
center,2021-05-14T10:46:33Z,7.67731673972323
near_door,2021-05-14T10:47:18Z,7.46265740677919
near_window,2021-05-14T10:48:03Z,7.20977813715479
center,2021-05-14T10:48:53Z,7.05211972002018
near_door,2021-05-14T10:49:38Z,6.8509693690858
near_window,2021-05-14T10:50:23Z,6.60616243263566
center,2021-05-14T10:51:08Z,6.47140380129607
near_door,2021-05-14T10:51:53Z,6.24504791210139
near_window,2021-05-14T10:52:38Z,6.03648383485663
center,2021-05-14T10:53:38Z,5.89184044458376
near_door,2021-05-14T10:54:23Z,5.68887829633201
near_window,2021-05-14T10:55:08Z,5.51095640618293
center,2021-05-14T10:55:58Z,5.38031595306762
near_door,2021-05-14T10:56:43Z,5.23633116965864
near_window,2021-05-14T10:57:28Z,5.04770126199641
center,2021-05-14T10:58:13Z,4.95231575779064
near_door,2021-05-14T10:58:58Z,4.79877583310115
near_window,2021-05-14T10:59:43Z,4.65133147833177
center,2021-05-14T11:00:33Z,4.52596270811505
near_door,2021-05-14T11:01:18Z,4.38428461983383
near_window,2021-05-14T11:02:08Z,4.19927893524797
center,2021-05-14T11:02:53Z,4.171272746712
near_door,2021-05-14T11:03:58Z,4.00570696233993
near_window,2021-05-14T11:04:43Z,3.83717556175538
center,2021-05-14T11:05:33Z,3.83256279994151
near_door,2021-05-14T11:06:18Z,3.70571122161855
near_window,2021-05-14T11:07:03Z,3.56650416596023
center,2021-05-14T11:07:48Z,3.51955266080006
near_door,2021-05-14T11:08:33Z,3.42597895391165
near_window,2021-05-14T11:09:18Z,3.27375718561242
center,2021-05-14T11:10:08Z,3.24608061472923
near_door,2021-05-14T11:10:53Z,3.1449288440353
near_window,2021-05-14T11:11:38Z,3.04674237533303
center,2021-05-14T11:12:23Z,3.1656862721977
near_door,2021-05-14T11:13:08Z,2.9292812865746
near_window,2021-05-14T11:14:08Z,2.808031008803
center,2021-05-14T11:14:53Z,2.7707992966393
near_door,2021-05-14T11:15:38Z,2.69304095266748
near_window,2021-05-14T11:16:23Z,2.60226789605475
center,2021-05-14T11:17:08Z,2.57722716662085
near_door,2021-05-14T11:17:53Z,2.48348880801647
near_window,2021-05-14T11:18:38Z,2.42154582696123
center,2021-05-14T11:19:23Z,2.38283130669129
near_door,2021-05-14T11:20:08Z,2.30902680344861
near_window,2021-05-14T11:20:53Z,2.23686976002814
center,2021-05-14T11:21:38Z,2.20523919130539
near_door,2021-05-14T11:22:23Z,2.15301600324663
near_window,2021-05-14T11:23:08Z,2.0605956439221
center,2021-05-14T11:24:08Z,2.05054623327285
near_door,2021-05-14T11:24:53Z,1.98728525293775
near_window,2021-05-14T11:25:38Z,1.90787960625413
center,2021-05-14T11:26:23Z,1.9090327967076
near_door,2021-05-14T11:27:08Z,1.84165316681697
near_window,2021-05-14T11:27:53Z,1.80178561320398
center,2021-05-14T11:28:38Z,1.76373017112917
near_door,2021-05-14T11:29:23Z,1.7149663973204
near_window,2021-05-14T11:30:08Z,1.66126040115539
center,2021-05-14T11:30:53Z,1.6561535270832
near_door,2021-05-14T11:31:38Z,1.60737325668074
near_window,2021-05-14T11:32:23Z,1.55221760270727
center,2021-05-14T11:33:08Z,1.55902142638272
near_door,2021-05-14T11:34:13Z,1.47310842337865
near_window,2021-05-14T11:34:58Z,1.45396530474069
center,2021-05-14T11:35:43Z,1.42576147130139
near_door,2021-05-14T11:36:28Z,1.39228579785309
near_window,2021-05-14T11:37:13Z,1.35327496733856
center,2021-05-14T11:37:58Z,1.32689974203113
near_door,2021-05-14T11:38:43Z,1.31050778388781
near_window,2021-05-14T11:39:28Z,1.25278211772936
center,2021-05-14T11:40:13Z,1.25039341096444
near_door,2021-05-14T11:40:58Z,1.22742834579157
near_window,2021-05-14T11:41:43Z,1.18232186680173
center,2021-05-14T11:42:28Z,1.17212437958539
near_door,2021-05-14T11:43:18Z,1.14070803091486
near_window,2021-05-14T11:44:18Z,1.09568395633822
center,2021-05-14T11:45:03Z,1.10581561429025
near_door,2021-05-14T11:45:48Z,1.05993489517034
near_window,2021-05-14T11:46:33Z,1.03955633877614
center,2021-05-14T11:47:18Z,1.07957220462184
near_door,2021-05-14T11:48:03Z,0.997514062784829
near_window,2021-05-14T11:48:48Z,0.974236033663281
center,2021-05-14T11:49:33Z,0.948733949492787
near_door,2021-05-14T11:50:18Z,0.933083395402589
near_window,2021-05-14T11:51:08Z,0.909475827183474
center,2021-05-14T11:51:53Z,0.890233964649058
near_door,2021-05-14T11:52:38Z,0.873710347977129
near_window,2021-05-14T11:53:38Z,0.851651338573353
center,2021-05-14T11:54:23Z,0.836593876303569
near_door,2021-05-14T11:55:08Z,0.808258227225241
near_window,2021-05-14T11:55:53Z,0.807879355457049
center,2021-05-14T11:56:38Z,1.0729825224434
near_door,2021-05-14T11:57:23Z,0.774799128925829
near_window,2021-05-14T11:58:08Z,0.755244223887526
center,2021-05-14T11:58:53Z,0.740549215347462
near_door,2021-05-14T11:59:38Z,0.732213250895144
near_window,2021-05-14T12:00:23Z,0.697551472361224
center,2021-05-14T12:01:08Z,0.694915630911932
near_door,2021-05-14T12:01:53Z,0.680961947869781
near_window,2021-05-14T12:02:38Z,0.673927407548428
center,2021-05-14T12:03:28Z,0.669347638921924
near_door,2021-05-14T12:04:28Z,0.638886757246316
near_window,2021-05-14T12:05:13Z,0.625855665844542
center,2021-05-14T12:05:58Z,0.749428781839153
near_door,2021-05-14T12:06:43Z,0.596515059990248
near_window,2021-05-14T12:07:28Z,0.585114931817007
center,2021-05-14T12:08:13Z,0.582396685954521
near_door,2021-05-14T12:08:58Z,0.566614355502901
near_window,2021-05-14T12:09:43Z,0.558360795463776
center,2021-05-14T12:10:28Z,0.551112113645411
near_door,2021-05-14T12:11:13Z,0.529036646925558
near_window,2021-05-14T12:11:58Z,0.523369517109893
center,2021-05-14T12:12:43Z,0.660500987062386
near_door,2021-05-14T12:13:43Z,0.501821234390941
near_window,2021-05-14T12:14:28Z,0.481393227493302
center,2021-05-14T12:15:13Z,0.523649605704023
near_door,2021-05-14T12:15:58Z,0.474523456720733
near_window,2021-05-14T12:16:43Z,0.459515444954386
center,2021-05-14T12:17:28Z,0.457802116590263
near_door,2021-05-14T12:18:13Z,0.458856484592063
near_window,2021-05-14T12:18:58Z,0.44015822409702
center,2021-05-14T12:19:43Z,0.439416898599107
near_door,2021-05-14T12:20:28Z,0.440619500278406
near_window,2021-05-14T12:21:13Z,0.408890187659193
center,2021-05-14T12:21:58Z,0.413618268518405
near_door,2021-05-14T12:22:43Z,0.398231345706262
near_window,2021-05-14T12:23:43Z,0.401625048524751
center,2021-05-14T12:24:28Z,0.417292020653421
near_door,2021-05-14T12:25:13Z,0.377111385258939
near_window,2021-05-14T12:26:03Z,0.374327270854544
center,2021-05-14T12:26:48Z,0.375529872533843
near_door,2021-05-14T12:27:33Z,0.365925398582712
near_window,2021-05-14T12:28:18Z,0.35780361490501
center,2021-05-14T12:29:08Z,0.348874597909882
near_door,2021-05-14T12:29:53Z,0.328726601051166
near_window,2021-05-14T12:30:38Z,0.336634243231855
center,2021-05-14T12:31:23Z,0.336996657683971
near_door,2021-05-14T12:32:08Z,0.325744782827032
near_window,2021-05-14T12:32:53Z,0.323718451236626
center,2021-05-14T12:33:58Z,0.312927832922271
near_door,2021-05-14T12:34:43Z,0.308628054695887
near_window,2021-05-14T12:35:28Z,0.30090165901886
center,2021-05-14T12:36:13Z,0.297820979065456
near_door,2021-05-14T12:36:58Z,0.28208807947847
near_window,2021-05-14T12:37:43Z,0.286915041705755
center,2021-05-14T12:38:28Z,0.285712420387653
near_door,2021-05-14T12:39:13Z,0.273768611619833
near_window,2021-05-14T12:39:58Z,0.282203418162619
center,2021-05-14T12:40:43Z,0.814452541041807
near_door,2021-05-14T12:41:28Z,0.263208631396171
near_window,2021-05-14T12:42:13Z,0.247096840402191
center,2021-05-14T12:42:58Z,0.257640343670974
near_door,2021-05-14T12:43:58Z,0.254543186762691
near_window,2021-05-14T12:44:43Z,0.251380141673697
center,2021-05-14T12:45:28Z,0.247195682492659
near_door,2021-05-14T12:46:18Z,0.240474204313996
near_window,2021-05-14T12:47:03Z,0.232698377772334
center,2021-05-14T12:47:48Z,0.2589747609893
near_door,2021-05-14T12:48:34Z,0.231298072273296
near_window,2021-05-14T12:49:18Z,0.223769341138404
center,2021-05-14T12:50:03Z,0.220754569004513
near_door,2021-05-14T12:50:48Z,0.21773977723182
near_window,2021-05-14T12:51:33Z,0.199090967240214